Time(Instant);ElapsedTime(s);Reference Position (m);Position 3 m (m);Position Error 3 m (m);Reference Speed (m/s);Speed 3 m (m/s);Speed Error 3 m (m/s)
19:47:38;1783280858.000;0.000000;0.000000;0.000000;0.000000;0.000000;0.000000
19:47:38;1783280858.000;0.000000;0.000000;0.000000;0.000000;0.000000;0.000000
19:47:38;1783280858.599;0.000000;0.000000;0.000000;0.000000;0.000000;0.000000
19:47:39;1783280859.199;0.000000;-5.531972;5.531972;0.000000;-0.003863;0.003863
19:47:39;1783280859.599;0.000000;-5.532741;5.532741;0.000000;-0.000277;0.000277
19:47:40;1783280860.199;0.000000;-2.317121;2.317121;0.000000;0.006970;-0.006970
19:47:40;1783280860.599;0.000000;-2.315580;2.315580;0.000000;0.000532;-0.000532
19:47:41;1783280861.199;0.000000;-4.364223;4.364223;0.000000;-0.005171;0.005171
19:47:41;1783280861.599;0.000000;-4.365368;4.365368;0.000000;-0.000394;0.000394
19:47:42;1783280862.199;0.000000;-2.702482;2.702482;0.000000;0.004478;-0.004478
19:47:42;1783280862.599;0.000000;-2.701498;2.701498;0.000000;0.000340;-0.000340
19:47:43;1783280863.199;0.000000;0.601571;-0.601571;0.000000;0.008680;-0.008680
19:47:43;1783280863.599;0.000000;0.603480;-0.603480;0.000000;0.000662;-0.000662
19:47:44;1783280864.199;0.000000;-7.089037;7.089037;0.000000;-0.019320;0.019320
19:47:44;1783280864.599;0.000000;-7.093320;7.093320;0.000000;-0.001497;0.001497
19:47:44;1783280864.599;0.000000;-7.093320;7.093320;0.000000;-0.001497;0.001497
19:47:45;1783280865.199;0.000000;1.096551;-1.096551;0.000000;0.020849;-0.020849
19:47:45;1783280865.199;0.000000;1.096551;-1.096551;0.000000;0.020849;-0.020849
19:47:45;1783280865.799;0.000000;1.101350;-1.101350;0.000000;0.000688;-0.000688
19:47:45;1783280865.799;0.000000;1.101350;-1.101350;0.000000;0.000688;-0.000688
19:47:46;1783280866.199;0.000000;5.144380;-5.144380;0.000000;0.009995;-0.009995
19:47:46;1783280866.199;0.000000;5.144380;-5.144380;0.000000;0.009995;-0.009995
19:47:46;1783280866.799;0.000000;5.146677;-5.146677;0.000000;0.000328;-0.000328
19:47:46;1783280866.799;0.000000;5.146677;-5.146677;0.000000;0.000328;-0.000328
19:47:47;1783280867.199;0.000000;0.319240;-0.319240;0.000000;-0.012101;0.012101
19:47:47;1783280867.199;0.000000;0.319240;-0.319240;0.000000;-0.012101;0.012101
19:47:47;1783280867.799;0.150000;0.419846;-0.269846;0.500000;0.436877;0.063123
19:47:47;1783280867.799;0.150000;0.419846;-0.269846;0.500000;0.436877;0.063123
19:47:48;1783280868.199;0.417000;-3.510799;3.927799;0.834000;0.778318;0.055682
19:47:48;1783280868.199;0.417000;-3.510799;3.927799;0.834000;0.778318;0.055682
19:47:48;1783280868.799;1.067000;-2.916795;3.983795;1.334000;1.269084;0.064916
19:47:48;1783280868.799;1.067000;-2.916795;3.983795;1.334000;1.269084;0.064916
19:47:49;1783280869.199;1.667000;-2.938928;4.605928;1.667000;1.625747;0.041253
19:47:49;1783280869.199;1.667000;-2.938928;4.605928;1.667000;1.625747;0.041253
19:47:49;1783280869.799;2.818000;-1.842208;4.660208;2.167000;2.102886;0.064114
19:47:49;1783280869.799;2.818000;-1.842208;4.660208;2.167000;2.102886;0.064114
19:47:50;1783280870.199;3.751000;1.551546;2.199454;2.500000;2.468093;0.031907
19:47:50;1783280870.199;3.751000;1.551546;2.199454;2.500000;2.468093;0.031907
19:47:50;1783280870.799;5.401000;3.150647;2.250353;3.000000;2.936243;0.063757
19:47:50;1783280870.799;5.401000;3.150647;2.250353;3.000000;2.936243;0.063757
19:47:51;1783280871.199;6.668000;7.054611;-0.386611;3.333000;3.301948;0.031052
19:47:51;1783280871.199;6.668000;7.054611;-0.386611;3.333000;3.301948;0.031052
19:47:51;1783280871.799;8.818000;9.153348;-0.335348;3.833000;3.768904;0.064096
19:47:51;1783280871.799;8.818000;9.153348;-0.335348;3.833000;3.768904;0.064096
19:47:52;1783280872.199;10.417000;11.273058;-0.856058;4.166000;4.127855;0.038145
19:47:52;1783280872.199;10.417000;11.273058;-0.856058;4.166000;4.127855;0.038145
19:47:52;1783280872.799;13.067000;13.869602;-0.802602;4.665000;4.600901;0.064099
19:47:52;1783280872.799;13.067000;13.869602;-0.802602;4.665000;4.600901;0.064099
19:47:53;1783280873.199;14.999000;13.187568;1.811432;4.998000;4.950247;0.047753
19:47:53;1783280873.199;14.999000;13.187568;1.811432;4.998000;4.950247;0.047753
19:47:53;1783280873.799;18.147000;16.280947;1.866053;5.497000;5.432349;0.064651
19:47:53;1783280873.799;18.147000;16.280947;1.866053;5.497000;5.432349;0.064651
19:47:54;1783280874.199;20.413000;19.999714;0.413286;5.829000;5.795183;0.033817
19:47:54;1783280874.199;20.413000;19.999714;0.413286;5.829000;5.795183;0.033817
19:47:54;1783280874.799;24.060000;23.595042;0.464958;6.328000;6.264193;0.063807
19:47:54;1783280874.799;24.060000;23.595042;0.464958;6.328000;6.264193;0.063807
19:47:55;1783280875.199;26.657000;24.895810;1.761190;6.660000;6.616622;0.043378
19:47:55;1783280875.199;26.657000;24.895810;1.761190;6.660000;6.616622;0.043378
19:47:55;1783280875.799;30.803000;28.987639;1.815361;7.159000;7.094690;0.064310
19:47:55;1783280875.799;30.803000;28.987639;1.815361;7.159000;7.094690;0.064310
19:47:56;1783280876.199;33.733000;29.155536;4.577464;7.491000;7.441322;0.049678
19:47:56;1783280876.199;33.733000;29.155536;4.577464;7.491000;7.441322;0.049678
19:47:56;1783280876.799;38.377000;33.744521;4.632479;7.989000;7.924786;0.064214
19:47:56;1783280876.799;38.377000;33.744521;4.632479;7.989000;7.924786;0.064214
19:47:57;1783280877.199;41.639000;39.476431;2.162569;8.321000;8.290092;0.030908
19:47:57;1783280877.199;41.639000;39.476431;2.162569;8.321000;8.290092;0.030908
19:47:57;1783280877.799;46.781000;44.567384;2.213616;8.819000;8.755245;0.063755
19:47:57;1783280877.799;46.781000;44.567384;2.213616;8.819000;8.755245;0.063755
19:47:58;1783280878.199;50.375000;47.361659;3.013341;9.151000;9.109134;0.041866
19:47:58;1783280878.199;50.375000;47.361659;3.013341;9.151000;9.109134;0.041866
19:47:58;1783280878.799;56.015000;52.948268;3.066732;9.650000;9.585555;0.064445
19:47:58;1783280878.799;56.015000;52.948268;3.066732;9.650000;9.585555;0.064445
19:47:59;1783280879.199;59.942000;59.275733;0.666267;9.982000;9.949976;0.032024
19:47:59;1783280879.199;59.942000;59.275733;0.666267;9.982000;9.949976;0.032024
19:47:59;1783280879.799;66.081000;65.364076;0.716924;10.482000;10.418443;0.063557
19:47:59;1783280879.799;66.081000;65.364076;0.716924;10.482000;10.418443;0.063557
19:48:00;1783280880.199;70.341000;69.226126;1.114874;10.816000;10.774417;0.041583
19:48:00;1783280880.199;70.341000;69.226126;1.114874;10.816000;10.774417;0.041583
19:48:00;1783280880.799;76.981000;75.812517;1.168483;11.317000;11.252629;0.064371
19:48:00;1783280880.799;76.981000;75.812517;1.168483;11.317000;11.252629;0.064371
19:48:01;1783280881.199;81.574000;79.965449;1.608551;11.652000;11.609763;0.042237
19:48:01;1783280881.199;81.574000;79.965449;1.608551;11.652000;11.609763;0.042237
19:48:01;1783280881.799;88.716000;87.053394;1.662606;12.154000;12.089334;0.064666
19:48:01;1783280881.799;88.716000;87.053394;1.662606;12.154000;12.089334;0.064666
19:48:02;1783280882.199;93.645000;94.790953;-1.145953;12.489000;12.457773;0.031227
19:48:02;1783280882.199;93.645000;94.790953;-1.145953;12.489000;12.457773;0.031227
19:48:02;1783280882.799;101.289000;102.384475;-1.095475;12.993000;12.928823;0.064177
19:48:02;1783280882.799;101.289000;102.384475;-1.095475;12.993000;12.928823;0.064177
19:48:03;1783280883.399;109.237000;111.109837;-1.872837;13.498000;13.435220;0.062780
19:48:03;1783280883.399;109.237000;111.109837;-1.872837;13.498000;13.435220;0.062780
19:48:03;1783280883.799;114.679000;116.526321;-1.847321;13.716000;13.674742;0.041258
19:48:03;1783280883.799;114.679000;116.526321;-1.847321;13.716000;13.674742;0.041258
19:48:04;1783280884.399;123.007000;120.501588;2.505412;14.043000;13.998482;0.044518
19:48:04;1783280884.399;123.007000;120.501588;2.505412;14.043000;13.998482;0.044518
19:48:04;1783280884.799;128.668000;126.138881;2.529119;14.262000;14.221829;0.040171
19:48:04;1783280884.799;128.668000;126.138881;2.529119;14.262000;14.221829;0.040171
19:48:05;1783280885.399;137.323000;135.441444;1.881556;14.590000;14.549951;0.040049
19:48:05;1783280885.399;137.323000;135.441444;1.881556;14.590000;14.549951;0.040049
19:48:05;1783280885.799;143.203000;141.298494;1.904506;14.809000;14.769626;0.039374
19:48:05;1783280885.799;143.203000;141.298494;1.904506;14.809000;14.769626;0.039374
19:48:06;1783280886.399;152.187000;148.763212;3.423788;15.138000;15.095827;0.042173
19:48:06;1783280886.399;152.187000;148.763212;3.423788;15.138000;15.095827;0.042173
19:48:06;1783280886.799;158.286000;154.838975;3.447025;15.357000;15.317279;0.039721
19:48:06;1783280886.799;158.286000;154.838975;3.447025;15.357000;15.317279;0.039721
19:48:07;1783280887.399;167.599000;166.699271;0.899729;15.686000;15.647300;0.038700
19:48:07;1783280887.399;167.599000;166.699271;0.899729;15.686000;15.647300;0.038700
19:48:07;1783280887.799;173.917000;172.994997;0.922003;15.905000;15.865723;0.039277
19:48:07;1783280887.799;173.917000;172.994997;0.922003;15.905000;15.865723;0.039277
19:48:08;1783280888.399;183.559000;183.404349;0.154651;16.234000;16.192696;0.041304
19:48:08;1783280888.399;183.559000;183.404349;0.154651;16.234000;16.192696;0.041304
19:48:08;1783280888.799;190.096000;189.919712;0.176288;16.454000;16.413923;0.040077
19:48:08;1783280888.799;190.096000;189.919712;0.176288;16.454000;16.413923;0.040077
19:48:09;1783280889.399;200.067000;196.474085;3.592915;16.782000;16.739937;0.042063
19:48:09;1783280889.399;200.067000;196.474085;3.592915;16.782000;16.739937;0.042063
19:48:09;1783280889.799;206.824000;203.208501;3.615499;17.002000;16.961840;0.040160
19:48:09;1783280889.799;206.824000;203.208501;3.615499;17.002000;16.961840;0.040160
19:48:10;1783280890.399;217.124000;215.056641;2.067359;17.331000;17.289859;0.041141
19:48:10;1783280890.399;217.124000;215.056641;2.067359;17.331000;17.289859;0.041141
19:48:10;1783280890.799;224.100000;222.011037;2.088963;17.552000;17.512179;0.039821
19:48:10;1783280890.799;224.100000;222.011037;2.088963;17.552000;17.512179;0.039821
19:48:11;1783280891.399;234.731000;227.484997;7.246003;17.884000;17.840501;0.043499
19:48:11;1783280891.399;234.731000;227.484997;7.246003;17.884000;17.840501;0.043499
19:48:11;1783280891.799;241.928000;234.659816;7.268184;18.103000;18.062911;0.040089
19:48:11;1783280891.799;241.928000;234.659816;7.268184;18.103000;18.062911;0.040089
19:48:12;1783280892.399;252.888000;246.787779;6.100221;18.427000;18.386510;0.040490
19:48:12;1783280892.399;252.888000;246.787779;6.100221;18.427000;18.386510;0.040490
19:48:12;1783280892.799;260.301000;254.179870;6.121130;18.641000;18.602879;0.038121
19:48:12;1783280892.799;260.301000;254.179870;6.121130;18.641000;18.602879;0.038121
19:48:13;1783280893.399;271.582000;269.184086;2.397914;18.959000;18.919940;0.039060
19:48:13;1783280893.399;271.582000;269.184086;2.397914;18.959000;18.919940;0.039060
19:48:13;1783280893.799;279.207000;276.788506;2.418494;19.168000;19.130367;0.037633
19:48:13;1783280893.799;279.207000;276.788506;2.418494;19.168000;19.130367;0.037633
19:48:14;1783280894.399;290.801000;287.324900;3.476100;19.475000;19.436545;0.038455
19:48:14;1783280894.399;290.801000;287.324900;3.476100;19.475000;19.436545;0.038455
19:48:14;1783280894.799;298.631000;295.134849;3.496151;19.676000;19.640215;0.035785
19:48:14;1783280894.799;298.631000;295.134849;3.496151;19.676000;19.640215;0.035785
19:48:15;1783280895.399;310.526000;305.540743;4.985257;19.971000;19.934106;0.036894
19:48:15;1783280895.399;310.526000;305.540743;4.985257;19.971000;19.934106;0.036894
19:48:15;1783280895.799;318.553000;313.548270;5.004730;20.164000;20.129537;0.034463
19:48:15;1783280895.799;318.553000;313.548270;5.004730;20.164000;20.129537;0.034463
19:48:16;1783280896.399;330.737000;328.371873;2.365127;20.447000;20.412320;0.034680
19:48:16;1783280896.399;330.737000;328.371873;2.365127;20.447000;20.412320;0.034680
19:48:16;1783280896.799;338.953000;336.569124;2.383876;20.632000;20.599091;0.032909
19:48:16;1783280896.799;338.953000;336.569124;2.383876;20.632000;20.599091;0.032909
19:48:17;1783280897.399;351.414000;349.867268;1.546732;20.904000;20.870016;0.033984
19:48:17;1783280897.399;351.414000;349.867268;1.546732;20.904000;20.870016;0.033984
19:48:17;1783280897.799;359.811000;358.246479;1.564521;21.082000;21.050490;0.031510
19:48:17;1783280897.799;359.811000;358.246479;1.564521;21.082000;21.050490;0.031510
19:48:18;1783280898.399;372.540000;372.097890;0.442110;21.347000;21.314171;0.032829
19:48:18;1783280898.399;372.540000;372.097890;0.442110;21.347000;21.314171;0.032829
19:48:18;1783280898.799;381.114000;380.654008;0.459992;21.522000;21.490376;0.031624
19:48:18;1783280898.799;381.114000;380.654008;0.459992;21.522000;21.490376;0.031624
19:48:19;1783280899.399;394.105000;391.459874;2.645126;21.780000;21.747383;0.032617
19:48:19;1783280899.399;394.105000;391.459874;2.645126;21.780000;21.747383;0.032617
19:48:19;1783280899.799;402.851000;400.188710;2.662290;21.950000;21.920013;0.029987
19:48:19;1783280899.799;402.851000;400.188710;2.662290;21.950000;21.920013;0.029987
19:48:20;1783280900.399;416.097000;413.297906;2.799094;22.201000;22.169337;0.031663
19:48:20;1783280900.399;416.097000;413.297906;2.799094;22.201000;22.169337;0.031663
19:48:20;1783280900.799;425.010000;422.194258;2.815742;22.364000;22.334779;0.029221
19:48:20;1783280900.799;425.010000;422.194258;2.815742;22.364000;22.334779;0.029221
19:48:21;1783280901.399;438.500000;438.674766;-0.174766;22.604000;22.574477;0.029523
19:48:21;1783280901.399;438.500000;438.674766;-0.174766;22.604000;22.574477;0.029523
19:48:21;1783280901.799;447.573000;447.731846;-0.158846;22.760000;22.732545;0.027455
19:48:21;1783280901.799;447.573000;447.731846;-0.158846;22.760000;22.732545;0.027455
19:48:22;1783280902.399;461.299000;459.753448;1.545552;22.990000;22.961383;0.028617
19:48:22;1783280902.399;461.299000;459.753448;1.545552;22.990000;22.961383;0.028617
19:48:23;1783280903.000;475.161000;470.271531;4.889469;23.214000;23.186180;0.027820
19:48:23;1783280903.000;475.161000;470.271531;4.889469;23.214000;23.186180;0.027820
19:48:23;1783280903.399;484.476000;479.545444;4.930556;23.361000;23.334411;0.026589
19:48:23;1783280903.399;484.476000;479.545444;4.930556;23.361000;23.334411;0.026589
19:48:24;1783280904.000;498.558000;492.937269;5.620731;23.579000;23.557860;0.021140
19:48:24;1783280904.000;498.558000;492.937269;5.620731;23.579000;23.557860;0.021140
19:48:24;1783280904.399;508.018000;502.358033;5.659967;23.723000;23.697073;0.025927
19:48:24;1783280904.399;508.018000;502.358033;5.659967;23.723000;23.697073;0.025927
19:48:25;1783280905.000;522.316000;516.254719;6.061281;23.936000;23.917256;0.018744
19:48:25;1783280905.000;522.316000;516.254719;6.061281;23.936000;23.917256;0.018744
19:48:25;1783280905.399;531.919000;525.818052;6.100948;24.077000;24.052328;0.024672
19:48:25;1783280905.399;531.919000;525.818052;6.100948;24.077000;24.052328;0.024672
19:48:26;1783280906.000;546.428000;544.081476;2.346524;24.287000;24.280315;0.006685
19:48:26;1783280906.000;546.428000;544.081476;2.346524;24.287000;24.280315;0.006685
19:48:26;1783280906.399;556.170000;553.787135;2.382865;24.425000;24.401337;0.023663
19:48:26;1783280906.399;556.170000;553.787135;2.382865;24.425000;24.401337;0.023663
19:48:27;1783280907.000;570.887000;571.566900;-0.679900;24.630000;24.621521;0.008479
19:48:27;1783280907.000;570.887000;571.566900;-0.679900;24.630000;24.621521;0.008479
19:48:27;1783280907.399;580.766000;581.408627;-0.642627;24.765000;24.741943;0.023057
19:48:27;1783280907.399;580.766000;581.408627;-0.642627;24.765000;24.741943;0.023057
19:48:28;1783280908.000;595.685000;594.899506;0.785494;24.966000;24.945386;0.020614
19:48:28;1783280908.000;595.685000;594.899506;0.785494;24.966000;24.945386;0.020614
19:48:28;1783280908.399;605.671000;604.857290;0.813710;24.965000;24.963815;0.001185
19:48:28;1783280908.399;605.671000;604.857290;0.813710;24.965000;24.963815;0.001185
19:48:29;1783280909.000;620.710000;622.018886;-1.308886;25.163000;25.153708;0.009292
19:48:29;1783280909.000;620.710000;622.018886;-1.308886;25.163000;25.153708;0.009292
19:48:29;1783280909.399;630.802000;632.072699;-1.270699;25.295000;25.272139;0.022861
19:48:29;1783280909.399;630.802000;632.072699;-1.270699;25.295000;25.272139;0.022861
19:48:30;1783280910.000;646.037000;644.314318;1.722682;25.490000;25.463529;0.026471
19:48:30;1783280910.000;646.037000;644.314318;1.722682;25.490000;25.463529;0.026471
19:48:30;1783280910.399;656.259000;654.494571;1.764429;25.618000;25.594621;0.023379
19:48:30;1783280910.399;656.259000;654.494571;1.764429;25.618000;25.594621;0.023379
19:48:31;1783280911.000;671.685000;671.094424;0.590576;25.803000;25.790689;0.012311
19:48:31;1783280911.000;671.685000;671.094424;0.590576;25.803000;25.790689;0.012311
19:48:31;1783280911.399;682.030000;681.401499;0.628501;25.921000;25.900835;0.020165
19:48:31;1783280911.399;682.030000;681.401499;0.628501;25.921000;25.900835;0.020165
19:48:32;1783280912.000;697.635000;694.540601;3.094399;26.092000;26.070341;0.021659
19:48:32;1783280912.000;697.635000;694.540601;3.094399;26.092000;26.070341;0.021659
19:48:32;1783280912.399;708.093000;704.959636;3.133364;26.200000;26.180840;0.019160
19:48:32;1783280912.399;708.093000;704.959636;3.133364;26.200000;26.180840;0.019160
19:48:33;1783280913.000;723.861000;719.766509;4.094491;26.356000;26.341060;0.014940
19:48:33;1783280913.000;723.861000;719.766509;4.094491;26.356000;26.341060;0.014940
19:48:33;1783280913.399;734.423000;730.291298;4.131702;26.456000;26.438414;0.017586
19:48:33;1783280913.399;734.423000;730.291298;4.131702;26.456000;26.438414;0.017586
19:48:34;1783280914.000;750.341000;744.775870;5.565130;26.603000;26.587211;0.015789
19:48:34;1783280914.000;750.341000;744.775870;5.565130;26.603000;26.587211;0.015789
19:48:34;1783280914.399;761.002000;755.398757;5.603243;26.701000;26.683632;0.017368
19:48:34;1783280914.399;761.002000;755.398757;5.603243;26.701000;26.683632;0.017368
19:48:35;1783280915.000;777.066000;774.152168;2.913832;26.846000;26.842062;0.003938
19:48:35;1783280915.000;777.066000;774.152168;2.913832;26.846000;26.842062;0.003938
19:48:35;1783280915.399;787.824000;784.874518;2.949482;26.943000;26.926519;0.016481
19:48:35;1783280915.399;787.824000;784.874518;2.949482;26.943000;26.926519;0.016481
19:48:36;1783280916.000;804.033000;802.923425;1.109575;27.087000;27.080130;0.006870
19:48:36;1783280916.000;804.033000;802.923425;1.109575;27.087000;27.080130;0.006870
19:48:36;1783280916.399;814.887000;813.741042;1.145958;27.182000;27.166240;0.015760
19:48:36;1783280916.399;814.887000;813.741042;1.145958;27.182000;27.166240;0.015760
19:48:37;1783280917.000;831.239000;831.886166;-0.647166;27.326000;27.318831;0.007169
19:48:37;1783280917.000;831.239000;831.886166;-0.647166;27.326000;27.318831;0.007169
19:48:37;1783280917.399;842.188000;842.799040;-0.611040;27.421000;27.404585;0.016415
19:48:37;1783280917.399;842.188000;842.799040;-0.611040;27.421000;27.404585;0.016415
19:48:38;1783280918.000;858.683000;856.974496;1.708504;27.563000;27.543947;0.019053
19:48:38;1783280918.000;858.683000;856.974496;1.708504;27.563000;27.543947;0.019053
19:48:38;1783280918.399;869.727000;867.979263;1.747737;27.657000;27.639944;0.017056
19:48:38;1783280918.399;869.727000;867.979263;1.747737;27.657000;27.639944;0.017056
19:48:39;1783280919.000;886.364000;876.483050;9.880950;27.797000;27.761584;0.035416
19:48:39;1783280919.000;886.364000;876.483050;9.880950;27.797000;27.761584;0.035416
19:48:39;1783280919.399;897.483000;887.567106;9.915894;27.798000;27.795245;0.002755
19:48:39;1783280919.399;897.483000;887.567106;9.915894;27.798000;27.795245;0.002755
19:48:40;1783280920.000;914.162000;907.144272;7.017728;27.799000;27.806426;-0.007426
19:48:40;1783280920.000;914.162000;907.144272;7.017728;27.799000;27.806426;-0.007426
19:48:40;1783280920.399;925.281000;918.237660;7.043340;27.799000;27.799293;-0.000293
19:48:40;1783280920.399;925.281000;918.237660;7.043340;27.799000;27.799293;-0.000293
19:48:41;1783280921.000;941.960000;943.492094;-1.532094;27.798000;27.820398;-0.022398
19:48:41;1783280921.000;941.960000;943.492094;-1.532094;27.798000;27.820398;-0.022398
19:48:41;1783280921.399;953.079000;954.588263;-1.509263;27.797000;27.798781;-0.001781
19:48:41;1783280921.399;953.079000;954.588263;-1.509263;27.797000;27.798781;-0.001781
19:48:42;1783280922.000;969.757000;966.097162;3.659838;27.794000;27.781502;0.012498
19:48:42;1783280922.000;969.757000;966.097162;3.659838;27.794000;27.781502;0.012498
19:48:42;1783280922.399;980.874000;977.183997;3.690003;27.792000;27.791319;0.000681
19:48:42;1783280922.399;980.874000;977.183997;3.690003;27.792000;27.791319;0.000681
19:48:43;1783280923.000;997.549000;1001.936140;-4.387140;27.792000;27.814049;-0.022049
19:48:43;1783280923.000;997.549000;1001.936140;-4.387140;27.792000;27.814049;-0.022049
19:48:43;1783280923.399;1008.665000;1013.030025;-4.365025;27.793000;27.794122;-0.001122
19:48:43;1783280923.399;1008.665000;1013.030025;-4.365025;27.793000;27.794122;-0.001122
19:48:44;1783280924.000;1025.341000;1025.819454;-0.478454;27.793000;27.783200;0.009800
19:48:44;1783280924.000;1025.341000;1025.819454;-0.478454;27.793000;27.783200;0.009800
19:48:44;1783280924.399;1036.458000;1036.906575;-0.448575;27.792000;27.791455;0.000545
19:48:44;1783280924.399;1036.458000;1036.906575;-0.448575;27.792000;27.791455;0.000545
19:48:45;1783280925.000;1053.133000;1054.163051;-1.030051;27.791000;27.792236;-0.001236
19:48:45;1783280925.000;1053.133000;1054.163051;-1.030051;27.791000;27.792236;-0.001236
19:48:45;1783280925.599;1069.807000;1070.809640;-1.002640;27.789000;27.789139;-0.000139
19:48:45;1783280925.599;1069.807000;1070.809640;-1.002640;27.789000;27.789139;-0.000139
19:48:46;1783280926.000;1080.922000;1078.195137;2.726863;27.788000;27.778254;0.009746
19:48:46;1783280926.000;1080.922000;1078.195137;2.726863;27.788000;27.778254;0.009746
19:48:46;1783280926.599;1097.594000;1094.837440;2.756560;27.786000;27.785851;0.000149
19:48:46;1783280926.599;1097.594000;1094.837440;2.756560;27.786000;27.785851;0.000149
19:48:47;1783280927.000;1108.708000;1107.055964;1.652036;27.785000;27.787773;-0.002773
19:48:47;1783280927.000;1108.708000;1107.055964;1.652036;27.785000;27.787773;-0.002773
19:48:47;1783280927.599;1125.379000;1123.699369;1.679631;27.783000;27.783352;-0.000352
19:48:47;1783280927.599;1125.379000;1123.699369;1.679631;27.783000;27.783352;-0.000352
19:48:48;1783280928.000;1136.492000;1132.402470;4.089530;27.784000;27.777757;0.006243
19:48:48;1783280928.000;1136.492000;1132.402470;4.089530;27.784000;27.777757;0.006243
19:48:48;1783280928.599;1153.163000;1149.044013;4.118987;27.786000;27.785236;0.000764
19:48:48;1783280928.599;1153.163000;1149.044013;4.118987;27.786000;27.785236;0.000764
19:48:49;1783280929.000;1164.277000;1163.376775;0.900225;27.787000;27.795058;-0.008058
19:48:49;1783280929.000;1164.277000;1163.376775;0.900225;27.787000;27.795058;-0.008058
19:48:49;1783280929.599;1180.950000;1180.023215;0.926785;27.788000;27.788267;-0.000267
19:48:49;1783280929.599;1180.950000;1180.023215;0.926785;27.788000;27.788267;-0.000267
19:48:50;1783280930.000;1192.065000;1189.336965;2.728035;27.789000;27.784559;0.004441
19:48:50;1783280930.000;1192.065000;1189.336965;2.728035;27.789000;27.784559;0.004441
19:48:50;1783280930.599;1208.739000;1205.981945;2.757055;27.791000;27.790373;0.000627
19:48:50;1783280930.599;1208.739000;1205.981945;2.757055;27.791000;27.790373;0.000627
19:48:51;1783280931.000;1219.844000;1218.606019;1.237981;27.735000;27.744783;-0.009783
19:48:51;1783280931.000;1219.844000;1218.606019;1.237981;27.735000;27.744783;-0.009783
19:48:51;1783280931.599;1236.460000;1235.203793;1.256207;27.651000;27.661443;-0.010443
19:48:51;1783280931.599;1236.460000;1235.203793;1.256207;27.651000;27.661443;-0.010443
19:48:52;1783280932.000;1247.509000;1241.316326;6.192674;27.595000;27.587466;0.007534
19:48:52;1783280932.000;1247.509000;1241.316326;6.192674;27.595000;27.587466;0.007534
19:48:52;1783280932.599;1264.042000;1257.826445;6.215555;27.512000;27.521522;-0.009522
19:48:52;1783280932.599;1264.042000;1257.826445;6.215555;27.512000;27.521522;-0.009522
19:48:53;1783280933.000;1275.035000;1271.920910;3.114090;27.456000;27.471667;-0.015667
19:48:53;1783280933.000;1275.035000;1271.920910;3.114090;27.456000;27.471667;-0.015667
19:48:53;1783280933.599;1291.484000;1288.353006;3.130994;27.373000;27.383111;-0.010111
19:48:53;1783280933.599;1291.484000;1288.353006;3.130994;27.373000;27.383111;-0.010111
19:48:54;1783280934.000;1302.422000;1302.981933;-0.559933;27.317000;27.332844;-0.015844
19:48:54;1783280934.000;1302.422000;1302.981933;-0.559933;27.317000;27.332844;-0.015844
19:48:54;1783280934.599;1318.786000;1319.330341;-0.544341;27.232000;27.242368;-0.010368
19:48:54;1783280934.599;1318.786000;1319.330341;-0.544341;27.232000;27.242368;-0.010368
19:48:55;1783280935.000;1329.668000;1331.211107;-1.543107;27.175000;27.184162;-0.009162
19:48:55;1783280935.000;1329.668000;1331.211107;-1.543107;27.175000;27.184162;-0.009162
19:48:55;1783280935.599;1345.947000;1347.472681;-1.525681;27.089000;27.099244;-0.010244
19:48:55;1783280935.599;1345.947000;1347.472681;-1.525681;27.089000;27.099244;-0.010244
19:48:56;1783280936.000;1356.771000;1359.021963;-2.250963;27.031000;27.039624;-0.008624
19:48:56;1783280936.000;1356.771000;1359.021963;-2.250963;27.031000;27.039624;-0.008624
19:48:56;1783280936.599;1372.963000;1375.196880;-2.233880;26.943000;26.954000;-0.011000
19:48:56;1783280936.599;1372.963000;1375.196880;-2.233880;26.943000;26.954000;-0.011000
19:48:57;1783280937.000;1383.728000;1381.518580;2.209420;26.884000;26.878855;0.005145
19:48:57;1783280937.000;1383.728000;1381.518580;2.209420;26.884000;26.878855;0.005145
19:48:57;1783280937.599;1399.833000;1397.602322;2.230678;26.796000;26.805937;-0.009937
19:48:57;1783280937.599;1399.833000;1397.602322;2.230678;26.796000;26.805937;-0.009937
19:48:58;1783280938.000;1410.539000;1407.826680;2.712320;26.736000;26.741131;-0.005131
19:48:58;1783280938.000;1410.539000;1407.826680;2.712320;26.736000;26.741131;-0.005131
19:48:58;1783280938.599;1426.553000;1423.823592;2.729408;26.646000;26.656668;-0.010668
19:48:58;1783280938.599;1426.553000;1423.823592;2.729408;26.646000;26.656668;-0.010668
19:48:59;1783280939.000;1437.200000;1436.225143;0.974857;26.585000;26.597031;-0.012031
19:48:59;1783280939.000;1437.200000;1436.225143;0.974857;26.585000;26.597031;-0.012031
19:48:59;1783280939.599;1453.123000;1452.133143;0.989857;26.494000;26.505584;-0.011584
19:48:59;1783280939.599;1453.123000;1452.133143;0.989857;26.494000;26.505584;-0.011584
19:49:00;1783280940.000;1463.709000;1464.454469;-0.745469;26.434000;26.445706;-0.011706
19:49:00;1783280940.000;1463.709000;1464.454469;-0.745469;26.434000;26.445706;-0.011706
19:49:00;1783280940.599;1479.542000;1480.271782;-0.729782;26.343000;26.354281;-0.011281
19:49:00;1783280940.599;1479.542000;1480.271782;-0.729782;26.343000;26.354281;-0.011281
19:49:01;1783280941.000;1490.067000;1486.051779;4.015221;26.283000;26.276098;0.006902
19:49:01;1783280941.000;1490.067000;1486.051779;4.015221;26.283000;26.276098;0.006902
19:49:01;1783280941.599;1505.810000;1501.774396;4.035604;26.192000;26.202603;-0.010603
19:49:01;1783280941.599;1505.810000;1501.774396;4.035604;26.192000;26.202603;-0.010603
19:49:02;1783280942.000;1516.274000;1515.482364;0.791636;26.132000;26.148149;-0.016149
19:49:02;1783280942.000;1516.274000;1515.482364;0.791636;26.132000;26.148149;-0.016149
19:49:02;1783280942.599;1531.927000;1531.120098;0.806902;26.043000;26.053685;-0.010685
19:49:02;1783280942.599;1531.927000;1531.120098;0.806902;26.043000;26.053685;-0.010685
19:49:03;1783280943.000;1542.332000;1539.962881;2.369119;25.984000;25.985800;-0.001800
19:49:03;1783280943.000;1542.332000;1539.962881;2.369119;25.984000;25.985800;-0.001800
19:49:03;1783280943.599;1557.896000;1555.509020;2.386980;25.896000;25.906555;-0.010555
19:49:03;1783280943.599;1557.896000;1555.509020;2.386980;25.896000;25.906555;-0.010555
19:49:04;1783280944.000;1568.243000;1571.377731;-3.134731;25.838000;25.861222;-0.023222
19:49:04;1783280944.000;1568.243000;1571.377731;-3.134731;25.838000;25.861222;-0.023222
19:49:04;1783280944.599;1583.720000;1586.842047;-3.122047;25.754000;25.764348;-0.010348
19:49:04;1783280944.599;1583.720000;1586.842047;-3.122047;25.754000;25.764348;-0.010348
19:49:05;1783280945.000;1594.010000;1592.161992;1.848008;25.698000;25.690746;0.007254
19:49:05;1783280945.000;1594.010000;1592.161992;1.848008;25.698000;25.690746;0.007254
19:49:05;1783280945.599;1609.405000;1607.536012;1.868988;25.616000;25.625312;-0.009312
19:49:05;1783280945.599;1609.405000;1607.536012;1.868988;25.616000;25.625312;-0.009312
19:49:06;1783280946.199;1624.750000;1622.017781;2.732219;25.535000;25.543690;-0.008690
19:49:06;1783280946.199;1624.750000;1622.017781;2.732219;25.535000;25.543690;-0.008690
19:49:06;1783280946.599;1634.953000;1632.226399;2.726601;25.481000;25.490397;-0.009397
19:49:06;1783280946.599;1634.953000;1632.226399;2.726601;25.481000;25.490397;-0.009397
19:49:07;1783280947.199;1650.218000;1651.688235;-1.470235;25.402000;25.414494;-0.012494
19:49:07;1783280947.199;1650.218000;1651.688235;-1.470235;25.402000;25.414494;-0.012494
19:49:07;1783280947.599;1660.368000;1661.844599;-1.476599;25.350000;25.358930;-0.008930
19:49:07;1783280947.599;1660.368000;1661.844599;-1.476599;25.350000;25.358930;-0.008930
19:49:08;1783280948.199;1675.555000;1675.921350;-0.366350;25.274000;25.282490;-0.008490
19:49:08;1783280948.199;1675.555000;1675.921350;-0.366350;25.274000;25.282490;-0.008490
19:49:08;1783280948.599;1685.655000;1686.026536;-0.371536;25.228000;25.235789;-0.007789
19:49:08;1783280948.599;1685.655000;1686.026536;-0.371536;25.228000;25.235789;-0.007789
19:49:09;1783280949.199;1700.772000;1697.694976;3.077024;25.163000;25.168247;-0.005247
19:49:09;1783280949.199;1700.772000;1697.694976;3.077024;25.163000;25.168247;-0.005247
19:49:09;1783280949.599;1710.830000;1707.755998;3.074002;25.124000;25.130268;-0.006268
19:49:09;1783280949.599;1710.830000;1707.755998;3.074002;25.124000;25.130268;-0.006268
19:49:10;1783280950.199;1725.887000;1723.816475;2.070525;25.070000;25.076696;-0.006696
19:49:10;1783280950.199;1725.887000;1723.816475;2.070525;25.070000;25.076696;-0.006696
19:49:10;1783280950.599;1735.909000;1733.841368;2.067632;25.037000;25.042591;-0.005591
19:49:10;1783280950.599;1735.909000;1733.841368;2.067632;25.037000;25.042591;-0.005591
19:49:11;1783280951.199;1750.917000;1746.331741;4.585259;24.991000;24.995052;-0.004052
19:49:11;1783280951.199;1750.917000;1746.331741;4.585259;24.991000;24.995052;-0.004052
19:49:11;1783280951.599;1760.916000;1756.330260;4.585740;25.003000;25.001265;0.001735
19:49:11;1783280951.599;1760.916000;1756.330260;4.585740;25.003000;25.001265;0.001735
19:49:12;1783280952.199;1775.918000;1775.727158;0.190842;25.005000;25.007921;-0.002921
19:49:12;1783280952.199;1775.918000;1775.727158;0.190842;25.005000;25.007921;-0.002921
19:49:12;1783280952.599;1785.921000;1785.730022;0.190978;25.007000;25.006881;0.000119
19:49:12;1783280952.599;1785.921000;1785.730022;0.190978;25.007000;25.006881;0.000119
19:49:13;1783280953.199;1800.926000;1802.468016;-1.542016;25.009000;25.010164;-0.001164
19:49:13;1783280953.199;1800.926000;1802.468016;-1.542016;25.009000;25.010164;-0.001164
19:49:13;1783280953.599;1810.923000;1812.468222;-1.545222;24.979000;24.984281;-0.005281
19:49:13;1783280953.599;1810.923000;1812.468222;-1.545222;24.979000;24.984281;-0.005281
19:49:14;1783280954.199;1825.898000;1824.885318;1.012682;24.935000;24.938098;-0.003098
19:49:14;1783280954.199;1825.898000;1824.885318;1.012682;24.935000;24.938098;-0.003098
19:49:14;1783280954.599;1835.865000;1834.855924;1.009076;24.905000;24.909608;-0.004608
19:49:14;1783280954.599;1835.865000;1834.855924;1.009076;24.905000;24.909608;-0.004608
19:49:15;1783280955.199;1850.795000;1845.860878;4.934122;24.860000;24.862259;-0.002259
19:49:15;1783280955.199;1850.795000;1845.860878;4.934122;24.860000;24.862259;-0.002259
19:49:15;1783280955.599;1860.733000;1855.801371;4.931629;24.830000;24.834821;-0.004821
19:49:15;1783280955.599;1860.733000;1855.801371;4.931629;24.830000;24.834821;-0.004821
19:49:16;1783280956.199;1875.617000;1874.671150;0.945850;24.786000;24.793881;-0.007881
19:49:16;1783280956.199;1875.617000;1874.671150;0.945850;24.786000;24.793881;-0.007881
19:49:16;1783280956.599;1885.526000;1884.583534;0.942466;24.759000;24.763985;-0.004985
19:49:16;1783280956.599;1885.526000;1884.583534;0.942466;24.759000;24.763985;-0.004985
19:49:17;1783280957.199;1900.371000;1897.199246;3.171754;24.724000;24.726180;-0.002180
19:49:17;1783280957.199;1900.371000;1897.199246;3.171754;24.724000;24.726180;-0.002180
19:49:17;1783280957.599;1910.256000;1907.086412;3.169588;24.703000;24.706245;-0.003245
19:49:17;1783280957.599;1910.256000;1907.086412;3.169588;24.703000;24.706245;-0.003245
19:49:18;1783280958.199;1925.069000;1922.308722;2.760278;24.677000;24.680008;-0.003008
19:49:18;1783280958.199;1925.069000;1922.308722;2.760278;24.677000;24.680008;-0.003008
19:49:18;1783280958.599;1934.938000;1932.178446;2.759554;24.665000;24.667205;-0.002205
19:49:18;1783280958.599;1934.938000;1932.178446;2.759554;24.665000;24.667205;-0.002205
19:49:19;1783280959.199;1949.734000;1952.065210;-2.331210;24.657000;24.660824;-0.003824
19:49:19;1783280959.199;1949.734000;1952.065210;-2.331210;24.657000;24.660824;-0.003824
19:49:19;1783280959.599;1959.596000;1961.928443;-2.332443;24.655000;24.655748;-0.000748
19:49:19;1783280959.599;1959.596000;1961.928443;-2.332443;24.655000;24.655748;-0.000748
19:49:20;1783280960.199;1974.390000;1974.646921;-0.256921;24.658000;24.656018;0.001982
19:49:20;1783280960.199;1974.390000;1974.646921;-0.256921;24.658000;24.656018;0.001982
19:49:20;1783280960.599;1984.254000;1984.510197;-0.256197;24.662000;24.661403;0.000597
19:49:20;1783280960.599;1984.254000;1984.510197;-0.256197;24.662000;24.661403;0.000597
19:49:21;1783280961.199;1999.054000;1999.123409;-0.069409;24.674000;24.671962;0.002038
19:49:21;1783280961.199;1999.054000;1999.123409;-0.069409;24.674000;24.671962;0.002038
19:49:21;1783280961.599;2008.925000;2008.993667;-0.068667;24.682000;24.680937;0.001063
19:49:21;1783280961.599;2008.925000;2008.993667;-0.068667;24.682000;24.680937;0.001063
19:49:22;1783280962.199;2023.739000;2019.617257;4.121743;24.696000;24.691576;0.004424
19:49:22;1783280962.199;2023.739000;2019.617257;4.121743;24.696000;24.691576;0.004424
19:49:22;1783280962.599;2033.619000;2029.495902;4.123098;24.705000;24.703009;0.001991
19:49:22;1783280962.599;2033.619000;2029.495902;4.123098;24.705000;24.703009;0.001991
19:49:23;1783280963.199;2048.446000;2046.134825;2.311175;24.718000;24.717758;0.000242
19:49:23;1783280963.199;2048.446000;2046.134825;2.311175;24.718000;24.717758;0.000242
19:49:23;1783280963.599;2058.335000;2056.023148;2.311852;24.727000;24.725524;0.001476
19:49:23;1783280963.599;2058.335000;2056.023148;2.311852;24.727000;24.725524;0.001476
19:49:24;1783280964.199;2073.175000;2072.120698;1.054302;24.740000;24.739531;0.000469
19:49:24;1783280964.199;2073.175000;2072.120698;1.054302;24.740000;24.739531;0.000469
19:49:24;1783280964.599;2083.073000;2082.017816;1.055184;24.749000;24.747687;0.001313
19:49:24;1783280964.599;2083.073000;2082.017816;1.055184;24.749000;24.747687;0.001313
19:49:25;1783280965.199;2097.926000;2099.051331;-1.125331;24.762000;24.762275;-0.000275
19:49:25;1783280965.199;2097.926000;2099.051331;-1.125331;24.762000;24.762275;-0.000275
19:49:25;1783280965.799;2112.788000;2113.911692;-1.123692;24.776000;24.774161;0.001839
19:49:25;1783280965.799;2112.788000;2113.911692;-1.123692;24.776000;24.774161;0.001839
19:49:26;1783280966.199;2122.700000;2124.540823;-1.840823;24.784000;24.783401;0.000599
19:49:26;1783280966.199;2122.700000;2124.540823;-1.840823;24.784000;24.783401;0.000599
19:49:26;1783280966.799;2137.574000;2139.414012;-1.840012;24.797000;24.795389;0.001611
19:49:26;1783280966.799;2137.574000;2139.414012;-1.840012;24.797000;24.795389;0.001611
19:49:27;1783280967.199;2147.494000;2150.111670;-2.617670;24.805000;24.804044;0.000956
19:49:27;1783280967.199;2147.494000;2150.111670;-2.617670;24.805000;24.804044;0.000956
19:49:27;1783280967.799;2162.381000;2164.996964;-2.615964;24.816000;24.814993;0.001007
19:49:27;1783280967.799;2162.381000;2164.996964;-2.615964;24.816000;24.814993;0.001007
19:49:28;1783280968.199;2172.309000;2170.265668;2.043332;24.824000;24.819274;0.004726
19:49:28;1783280968.199;2172.309000;2170.265668;2.043332;24.824000;24.819274;0.004726
19:49:28;1783280968.799;2187.206000;2185.161299;2.044701;24.834000;24.832920;0.001080
19:49:28;1783280968.799;2187.206000;2185.161299;2.044701;24.834000;24.832920;0.001080
19:49:29;1783280969.199;2197.142000;2195.429580;1.712420;24.843000;24.841787;0.001213
19:49:29;1783280969.199;2197.142000;2195.429580;1.712420;24.843000;24.841787;0.001213
19:49:29;1783280969.799;2212.052000;2210.338799;1.713201;24.861000;24.858443;0.002557
19:49:29;1783280969.799;2212.052000;2210.338799;1.713201;24.861000;24.858443;0.002557
19:49:30;1783280970.199;2222.000000;2224.371879;-2.371879;24.875000;24.875637;-0.000637
19:49:30;1783280970.199;2222.000000;2224.371879;-2.371879;24.875000;24.875637;-0.000637
19:49:30;1783280970.799;2236.932000;2239.302758;-2.370758;24.902000;24.898648;0.003352
19:49:30;1783280970.799;2236.932000;2239.302758;-2.370758;24.902000;24.898648;0.003352
19:49:31;1783280971.199;2246.897000;2246.706103;0.190897;24.922000;24.917347;0.004653
19:49:31;1783280971.199;2246.897000;2246.706103;0.190897;24.922000;24.917347;0.004653
19:49:31;1783280971.799;2261.861000;2261.666111;0.194889;24.958000;24.953499;0.004501
19:49:31;1783280971.799;2261.861000;2261.666111;0.194889;24.958000;24.953499;0.004501
19:49:32;1783280972.199;2271.850000;2271.928747;-0.078747;24.984000;24.979743;0.004257
19:49:32;1783280972.199;2271.850000;2271.928747;-0.078747;24.984000;24.979743;0.004257
19:49:32;1783280972.799;2286.852000;2286.926810;-0.074810;25.023000;25.018199;0.004801
19:49:32;1783280972.799;2286.852000;2286.926810;-0.074810;25.023000;25.018199;0.004801
19:49:33;1783280973.199;2296.835000;2293.509842;3.325158;24.897000;24.914706;-0.017706
19:49:33;1783280973.199;2296.835000;2293.509842;3.325158;24.897000;24.914706;-0.017706
19:49:33;1783280973.799;2311.717000;2308.410032;3.306968;24.708000;24.731007;-0.023007
19:49:33;1783280973.799;2311.717000;2308.410032;3.306968;24.708000;24.731007;-0.023007
19:49:34;1783280974.199;2321.575000;2317.191829;4.383171;24.581000;24.602091;-0.021091
19:49:34;1783280974.199;2321.575000;2317.191829;4.383171;24.581000;24.602091;-0.021091
19:49:34;1783280974.799;2336.266000;2331.902905;4.363095;24.391000;24.414619;-0.023619
19:49:34;1783280974.799;2336.266000;2331.902905;4.363095;24.391000;24.414619;-0.023619
19:49:35;1783280975.199;2345.997000;2343.200864;2.796136;24.264000;24.286982;-0.022982
19:49:35;1783280975.199;2345.997000;2343.200864;2.796136;24.264000;24.286982;-0.022982
19:49:35;1783280975.799;2360.498000;2357.721556;2.776444;24.072000;24.095880;-0.023880
19:49:35;1783280975.799;2360.498000;2357.721556;2.776444;24.072000;24.095880;-0.023880
19:49:36;1783280976.199;2370.101000;2371.385535;-1.284535;23.944000;23.968988;-0.024988
19:49:36;1783280976.199;2370.101000;2371.385535;-1.284535;23.944000;23.968988;-0.024988
19:49:36;1783280976.799;2384.409000;2385.714333;-1.305333;23.751000;23.774758;-0.023758
19:49:36;1783280976.799;2384.409000;2385.714333;-1.305333;23.751000;23.774758;-0.023758
19:49:37;1783280977.199;2393.884000;2392.629360;1.254640;23.622000;23.642054;-0.020054
19:49:37;1783280977.199;2393.884000;2392.629360;1.254640;23.622000;23.642054;-0.020054
19:49:37;1783280977.799;2407.999000;2406.763902;1.235098;23.428000;23.452172;-0.024172
19:49:37;1783280977.799;2407.999000;2406.763902;1.235098;23.428000;23.452172;-0.024172
19:49:38;1783280978.199;2417.344000;2421.528094;-4.184094;23.299000;23.325740;-0.026740
19:49:38;1783280978.199;2417.344000;2421.528094;-4.184094;23.299000;23.325740;-0.026740
19:49:38;1783280978.799;2431.265000;2435.470285;-4.205285;23.105000;23.129763;-0.024763
19:49:38;1783280978.799;2431.265000;2435.470285;-4.205285;23.105000;23.129763;-0.024763
19:49:39;1783280979.199;2440.482000;2443.027252;-2.545252;22.977000;22.997552;-0.020552
19:49:39;1783280979.199;2440.482000;2443.027252;-2.545252;22.977000;22.997552;-0.020552
19:49:39;1783280979.799;2454.210000;2456.774820;-2.564820;22.783000;22.807236;-0.024236
19:49:39;1783280979.799;2454.210000;2456.774820;-2.564820;22.783000;22.807236;-0.024236
19:49:40;1783280980.199;2463.297000;2466.167937;-2.870937;22.654000;22.676831;-0.022831
19:49:40;1783280980.199;2463.297000;2466.167937;-2.870937;22.654000;22.676831;-0.022831
19:49:40;1783280980.799;2476.832000;2479.722589;-2.890589;22.461000;22.485287;-0.024287
19:49:40;1783280980.799;2476.832000;2479.722589;-2.890589;22.461000;22.485287;-0.024287
19:49:41;1783280981.199;2485.791000;2487.484908;-1.693908;22.333000;22.353818;-0.020818
19:49:41;1783280981.199;2485.791000;2487.484908;-1.693908;22.333000;22.353818;-0.020818
19:49:41;1783280981.799;2499.132000;2500.846252;-1.714252;22.140000;22.163581;-0.023581
19:49:41;1783280981.799;2499.132000;2500.846252;-1.714252;22.140000;22.163581;-0.023581
19:49:42;1783280982.199;2507.962000;2510.059765;-2.097765;22.011000;22.033597;-0.022597
19:49:42;1783280982.199;2507.962000;2510.059765;-2.097765;22.011000;22.033597;-0.022597
19:49:42;1783280982.799;2521.111000;2523.228463;-2.117463;21.818000;21.842098;-0.024098
19:49:42;1783280982.799;2521.111000;2523.228463;-2.117463;21.818000;21.842098;-0.024098
19:49:43;1783280983.199;2529.812000;2529.595601;0.216399;21.688000;21.708420;-0.020420
19:49:43;1783280983.199;2529.812000;2529.595601;0.216399;21.688000;21.708420;-0.020420
19:49:43;1783280983.799;2542.766000;2542.568771;0.197229;21.489000;21.513532;-0.024532
19:49:43;1783280983.799;2542.766000;2542.568771;0.197229;21.489000;21.513532;-0.024532
19:49:44;1783280984.199;2551.334000;2546.294017;5.039983;21.354000;21.373229;-0.019229
19:49:44;1783280984.199;2551.334000;2546.294017;5.039983;21.354000;21.373229;-0.019229
19:49:44;1783280984.799;2564.085000;2559.065051;5.019949;21.148000;21.173550;-0.025550
19:49:44;1783280984.799;2564.085000;2559.065051;5.019949;21.148000;21.173550;-0.025550
19:49:45;1783280985.199;2572.516000;2572.943164;-0.427164;21.008000;21.036775;-0.028775
19:49:45;1783280985.199;2572.516000;2572.943164;-0.427164;21.008000;21.036775;-0.028775
19:49:45;1783280985.799;2585.057000;2585.507150;-0.450150;20.795000;20.822129;-0.027129
19:49:45;1783280985.799;2585.057000;2585.507150;-0.450150;20.795000;20.822129;-0.027129
19:49:46;1783280986.199;2593.347000;2587.756721;5.590279;20.651000;20.671371;-0.020371
19:49:46;1783280986.199;2593.347000;2587.756721;5.590279;20.651000;20.671371;-0.020371
19:49:46;1783280986.799;2605.672000;2600.103286;5.568714;20.432000;20.459267;-0.027267
19:49:46;1783280986.799;2605.672000;2600.103286;5.568714;20.432000;20.459267;-0.027267
19:49:47;1783280987.199;2613.815000;2611.494969;2.320031;20.286000;20.313886;-0.027886
19:49:47;1783280987.199;2613.815000;2611.494969;2.320031;20.286000;20.313886;-0.027886
19:49:47;1783280987.799;2625.921000;2623.623844;2.297156;20.067000;20.094119;-0.027119
19:49:47;1783280987.799;2625.921000;2623.623844;2.297156;20.067000;20.094119;-0.027119
19:49:48;1783280988.199;2633.918000;2631.177385;2.740615;19.920000;19.945420;-0.025420
19:49:48;1783280988.199;2633.918000;2631.177385;2.740615;19.920000;19.945420;-0.025420
19:49:48;1783280988.799;2645.805000;2643.086411;2.718589;19.701000;19.728614;-0.027614
19:49:48;1783280988.799;2645.805000;2643.086411;2.718589;19.701000;19.728614;-0.027614
19:49:49;1783280989.399;2657.560000;2657.183975;0.376025;19.482000;19.510034;-0.028034
19:49:49;1783280989.399;2657.560000;2657.183975;0.376025;19.482000;19.510034;-0.028034
19:49:49;1783280989.799;2665.323000;2664.962421;0.360579;19.335000;19.361448;-0.026448
19:49:49;1783280989.799;2665.323000;2664.962421;0.360579;19.335000;19.361448;-0.026448
19:49:50;1783280990.399;2676.857000;2672.687950;4.169050;19.110000;19.137563;-0.027563
19:49:50;1783280990.399;2676.857000;2672.687950;4.169050;19.110000;19.137563;-0.027563
19:49:50;1783280990.799;2684.471000;2680.316626;4.154374;18.956000;18.983720;-0.027720
19:49:50;1783280990.799;2684.471000;2680.316626;4.154374;18.956000;18.983720;-0.027720
19:49:51;1783280991.399;2695.774000;2695.810872;-0.036872;18.720000;18.750999;-0.030999
19:49:51;1783280991.399;2695.774000;2695.810872;-0.036872;18.720000;18.750999;-0.030999
19:49:51;1783280991.799;2703.230000;2703.283309;-0.053309;18.560000;18.588492;-0.028492
19:49:51;1783280991.799;2703.230000;2703.283309;-0.053309;18.560000;18.588492;-0.028492
19:49:52;1783280992.399;2714.292000;2712.941030;1.350970;18.313000;18.344103;-0.031103
19:49:52;1783280992.399;2714.292000;2712.941030;1.350970;18.313000;18.344103;-0.031103
19:49:52;1783280992.799;2721.584000;2720.249727;1.334273;18.146000;18.175649;-0.029649
19:49:52;1783280992.799;2721.584000;2720.249727;1.334273;18.146000;18.175649;-0.029649
19:49:53;1783280993.399;2732.395000;2729.096523;3.298477;17.889000;17.921064;-0.032064
19:49:53;1783280993.399;2732.395000;2729.096523;3.298477;17.889000;17.921064;-0.032064
19:49:53;1783280993.799;2739.516000;2736.234845;3.281155;17.715000;17.745974;-0.030974
19:49:53;1783280993.799;2739.516000;2736.234845;3.281155;17.715000;17.745974;-0.030974
19:49:54;1783280994.399;2750.065000;2751.585241;-1.520241;17.451000;17.485006;-0.034006
19:49:54;1783280994.399;2750.065000;2751.585241;-1.520241;17.451000;17.485006;-0.034006
19:49:54;1783280994.799;2757.010000;2758.548352;-1.538352;17.275000;17.306348;-0.031348
19:49:54;1783280994.799;2757.010000;2758.548352;-1.538352;17.275000;17.306348;-0.031348
19:49:55;1783280995.399;2767.296000;2766.337835;0.958165;17.011000;17.043467;-0.032467
19:49:55;1783280995.399;2767.296000;2766.337835;0.958165;17.011000;17.043467;-0.032467
19:49:55;1783280995.799;2774.065000;2773.124695;0.940305;16.835000;16.866358;-0.031358
19:49:55;1783280995.799;2774.065000;2773.124695;0.940305;16.835000;16.866358;-0.031358
19:49:56;1783280996.399;2784.087000;2784.502945;-0.415945;16.571000;16.604656;-0.033656
19:49:56;1783280996.399;2784.087000;2784.502945;-0.415945;16.571000;16.604656;-0.033656
19:49:56;1783280996.799;2790.680000;2791.114142;-0.434142;16.395000;16.426873;-0.031873
19:49:56;1783280996.799;2790.680000;2791.114142;-0.434142;16.395000;16.426873;-0.031873
19:49:57;1783280997.399;2800.438000;2802.858767;-2.420767;16.129000;16.163304;-0.034304
19:49:57;1783280997.399;2800.438000;2802.858767;-2.420767;16.129000;16.163304;-0.034304
19:49:57;1783280997.799;2806.854000;2809.292943;-2.438943;15.951000;15.982747;-0.031747
19:49:57;1783280997.799;2806.854000;2809.292943;-2.438943;15.951000;15.982747;-0.031747
19:49:58;1783280998.399;2816.344000;2810.001336;6.342664;15.681000;15.712835;-0.031835
19:49:58;1783280998.399;2816.344000;2810.001336;6.342664;15.681000;15.712835;-0.031835
19:49:58;1783280998.799;2822.579000;2816.255310;6.323690;15.499000;15.531444;-0.032444
19:49:58;1783280998.799;2822.579000;2816.255310;6.323690;15.499000;15.531444;-0.032444
19:49:59;1783280999.399;2831.797000;2826.995296;4.801704;15.225000;15.259657;-0.034657
19:49:59;1783280999.399;2831.797000;2826.995296;4.801704;15.225000;15.259657;-0.034657
19:49:59;1783280999.799;2837.850000;2833.067124;4.782876;15.041000;15.074054;-0.033054
19:49:59;1783280999.799;2837.850000;2833.067124;4.782876;15.041000;15.074054;-0.033054
19:50:00;1783281000.399;2846.792000;2844.139839;2.652161;14.765000;14.799824;-0.034824
19:50:00;1783281000.399;2846.792000;2844.139839;2.652161;14.765000;14.799824;-0.034824
19:50:00;1783281000.799;2852.660000;2850.027478;2.632522;14.580000;14.612826;-0.032826
19:50:00;1783281000.799;2852.660000;2850.027478;2.632522;14.580000;14.612826;-0.032826
19:50:01;1783281001.399;2861.325000;2858.170977;3.154023;14.301000;14.335189;-0.034189
19:50:01;1783281001.399;2861.325000;2858.170977;3.154023;14.301000;14.335189;-0.034189
19:50:01;1783281001.799;2867.008000;2863.873641;3.134359;14.115000;14.148463;-0.033463
19:50:01;1783281001.799;2867.008000;2863.873641;3.134359;14.115000;14.148463;-0.033463
19:50:02;1783281002.399;2875.393000;2875.219706;0.173294;13.836000;13.872789;-0.036789
19:50:02;1783281002.399;2875.393000;2875.219706;0.173294;13.836000;13.872789;-0.036789
19:50:02;1783281002.799;2880.891000;2880.736905;0.154095;13.651000;13.684154;-0.033154
19:50:02;1783281002.799;2880.891000;2880.736905;0.154095;13.651000;13.684154;-0.033154
19:50:03;1783281003.399;2888.998000;2887.730944;1.267056;13.374000;13.406979;-0.032979
19:50:03;1783281003.399;2888.998000;2887.730944;1.267056;13.374000;13.406979;-0.032979
19:50:03;1783281003.799;2894.311000;2893.062770;1.248230;13.190000;13.222839;-0.032839
19:50:03;1783281003.799;2894.311000;2893.062770;1.248230;13.190000;13.222839;-0.032839
19:50:04;1783281004.399;2902.142000;2904.202285;-2.060285;12.915000;12.951780;-0.036780
19:50:04;1783281004.399;2902.142000;2904.202285;-2.060285;12.915000;12.951780;-0.036780
19:50:04;1783281004.799;2907.272000;2909.351458;-2.079458;12.733000;12.765606;-0.032606
19:50:04;1783281004.799;2907.272000;2909.351458;-2.079458;12.733000;12.765606;-0.032606
19:50:05;1783281005.399;2914.829000;2916.241085;-1.412085;12.460000;12.492809;-0.032809
19:50:05;1783281005.399;2914.829000;2916.241085;-1.412085;12.460000;12.492809;-0.032809
19:50:05;1783281005.799;2919.777000;2921.207533;-1.430533;12.278000;12.310524;-0.032524
19:50:05;1783281005.799;2919.777000;2921.207533;-1.430533;12.278000;12.310524;-0.032524
19:50:06;1783281006.399;2927.062000;2925.106817;1.955183;12.005000;12.036130;-0.031130
19:50:06;1783281006.399;2927.062000;2925.106817;1.955183;12.005000;12.036130;-0.031130
19:50:06;1783281006.799;2931.828000;2929.891093;1.936907;11.824000;11.856140;-0.032140
19:50:06;1783281006.799;2931.828000;2929.891093;1.936907;11.824000;11.856140;-0.032140
19:50:07;1783281007.399;2938.840000;2938.214780;0.625220;11.552000;11.586071;-0.034071
19:50:07;1783281007.399;2938.840000;2938.214780;0.625220;11.552000;11.586071;-0.034071
19:50:07;1783281007.799;2943.425000;2942.818277;0.606723;11.370000;11.402663;-0.032663
19:50:07;1783281007.799;2943.425000;2942.818277;0.606723;11.370000;11.402663;-0.032663
19:50:08;1783281008.399;2950.165000;2947.373179;2.791821;11.098000;11.129654;-0.031654
19:50:08;1783281008.399;2950.165000;2947.373179;2.791821;11.098000;11.129654;-0.031654
19:50:08;1783281008.799;2954.568000;2951.794680;2.773320;10.917000;10.949044;-0.032044
19:50:08;1783281008.799;2954.568000;2951.794680;2.773320;10.917000;10.949044;-0.032044
19:50:09;1783281009.399;2961.037000;2956.839035;4.197965;10.645000;10.677118;-0.032118
19:50:09;1783281009.399;2961.037000;2956.839035;4.197965;10.645000;10.677118;-0.032118
19:50:09;1783281009.799;2965.258000;2961.079501;4.178499;10.464000;10.496170;-0.032170
19:50:09;1783281009.799;2965.258000;2961.079501;4.178499;10.464000;10.496170;-0.032170
19:50:10;1783281010.399;2971.455000;2968.152657;3.302343;10.192000;10.226600;-0.034600
19:50:10;1783281010.399;2971.455000;2968.152657;3.302343;10.192000;10.226600;-0.034600
19:50:10;1783281010.799;2975.496000;2972.212503;3.283497;10.012000;10.044125;-0.032125
19:50:10;1783281010.799;2975.496000;2972.212503;3.283497;10.012000;10.044125;-0.032125
19:50:11;1783281011.399;2981.422000;2977.912073;3.509927;9.741000;9.773897;-0.032897
19:50:11;1783281011.399;2981.422000;2977.912073;3.509927;9.741000;9.773897;-0.032897
19:50:11;1783281011.799;2985.282000;2981.791101;3.490899;9.560000;9.592601;-0.032601
19:50:11;1783281011.799;2985.282000;2981.791101;3.490899;9.560000;9.592601;-0.032601
19:50:12;1783281012.399;2990.922000;2991.033264;-0.111264;9.214000;9.263355;-0.049355
19:50:12;1783281012.399;2990.922000;2991.033264;-0.111264;9.214000;9.263355;-0.049355
19:50:12;1783281012.999;2996.335000;2996.486651;-0.151651;8.830000;8.879492;-0.049492
19:50:12;1783281012.999;2996.335000;2996.486651;-0.151651;8.830000;8.879492;-0.049492
19:50:13;1783281013.399;2999.816000;2999.959488;-0.143488;8.575000;8.620438;-0.045438
19:50:13;1783281013.399;2999.816000;2999.959488;-0.143488;8.575000;8.620438;-0.045438
19:50:13;1783281013.999;3004.847000;3005.029631;-0.182631;8.194000;8.242308;-0.048308
19:50:13;1783281013.999;3004.847000;3005.029631;-0.182631;8.194000;8.242308;-0.048308
19:50:14;1783281014.399;3008.073000;3009.008096;-0.935096;7.940000;7.985190;-0.045190
19:50:14;1783281014.399;3008.073000;3009.008096;-0.935096;7.940000;7.985190;-0.045190
19:50:14;1783281014.999;3012.723000;3013.697205;-0.974205;7.559000;7.607953;-0.048953
19:50:14;1783281014.999;3012.723000;3013.697205;-0.974205;7.559000;7.607953;-0.048953
19:50:15;1783281015.399;3015.696000;3012.437928;3.258072;7.306000;7.347577;-0.041577
19:50:15;1783281015.399;3015.696000;3012.437928;3.258072;7.306000;7.347577;-0.041577
19:50:15;1783281015.999;3019.966000;3016.746621;3.219379;6.928000;6.975894;-0.047894
19:50:15;1783281015.999;3019.966000;3016.746621;3.219379;6.928000;6.975894;-0.047894
19:50:16;1783281016.399;3022.687000;3019.856840;2.830160;6.676000;6.720487;-0.044487
19:50:16;1783281016.399;3022.687000;3019.856840;2.830160;6.676000;6.720487;-0.044487
19:50:16;1783281016.999;3026.579000;3023.788092;2.790908;6.298000;6.346399;-0.048399
19:50:16;1783281016.999;3026.579000;3023.788092;2.790908;6.298000;6.346399;-0.048399
19:50:17;1783281017.399;3029.048000;3025.172464;3.875536;6.047000;6.090571;-0.043571
19:50:17;1783281017.399;3029.048000;3025.172464;3.875536;6.047000;6.090571;-0.043571
19:50:17;1783281017.999;3032.564000;3028.726444;3.837556;5.671000;5.718816;-0.047816
19:50:17;1783281017.999;3032.564000;3028.726444;3.837556;5.671000;5.718816;-0.047816
19:50:18;1783281018.399;3034.782000;3033.071830;1.710170;5.420000;5.466699;-0.046699
19:50:18;1783281018.399;3034.782000;3033.071830;1.710170;5.420000;5.466699;-0.046699
19:50:18;1783281018.999;3037.922000;3036.250658;1.671342;5.045000;5.093279;-0.048279
19:50:18;1783281018.999;3037.922000;3036.250658;1.671342;5.045000;5.093279;-0.048279
19:50:19;1783281019.399;3039.890000;3035.820853;4.069147;4.796000;4.837770;-0.041770
19:50:19;1783281019.399;3039.890000;3035.820853;4.069147;4.796000;4.837770;-0.041770
19:50:19;1783281019.999;3042.655000;3038.624240;4.030760;4.422000;4.469186;-0.047186
19:50:19;1783281019.999;3042.655000;3038.624240;4.030760;4.422000;4.469186;-0.047186
19:50:20;1783281020.399;3044.374000;3043.022891;1.351109;4.172000;4.218877;-0.046877
19:50:20;1783281020.399;3044.374000;3043.022891;1.351109;4.172000;4.218877;-0.046877
19:50:20;1783281020.999;3046.765000;3045.453316;1.311684;3.799000;3.846735;-0.047735
19:50:20;1783281020.999;3046.765000;3045.453316;1.311684;3.799000;3.846735;-0.047735
19:50:21;1783281021.399;3048.235000;3051.942554;-3.707554;3.550000;3.598822;-0.048822
19:50:21;1783281021.399;3048.235000;3051.942554;-3.707554;3.550000;3.598822;-0.048822
