Speed(m/s);Position(m);Time(ms);Time(Instant);Section;Km;Meter;XPosition;YPosition
0.0;2314.8439912566837;1784231228000;2026-07-16T19:47:08Z;1;1;314;-1.0;-1.0
0.0;2314.8439912566837;1784231228000;2026-07-16T19:47:08Z;1;1;314;-1.0;-1.0
0.0;2314.8439912566837;1784231228599;2026-07-16T19:47:08.599Z;1;1;314;-1.0;-1.0
0.0;2314.8439912566837;1784231229199;2026-07-16T19:47:09.199Z;1;1;314;-1.0;-1.0
0.0;2314.8439912566837;1784231229599;2026-07-16T19:47:09.599Z;1;1;314;-1.0;-1.0
0.0;2314.8439912566837;1784231230199;2026-07-16T19:47:10.199Z;1;1;314;-1.0;-1.0
0.0;2314.8439912566837;1784231230599;2026-07-16T19:47:10.599Z;1;1;314;-1.0;-1.0
0.0;2314.8439912566837;1784231231199;2026-07-16T19:47:11.199Z;1;1;314;-1.0;-1.0
0.0;2314.8439912566837;1784231231599;2026-07-16T19:47:11.599Z;1;1;314;-1.0;-1.0
0.0;2314.8439912566837;1784231232199;2026-07-16T19:47:12.199Z;1;1;314;-1.0;-1.0
0.0;2314.8439912566837;1784231232599;2026-07-16T19:47:12.599Z;1;1;314;-1.0;-1.0
0.0;2314.8439912566837;1784231233199;2026-07-16T19:47:13.199Z;1;1;314;-1.0;-1.0
0.0;2314.8439912566837;1784231233599;2026-07-16T19:47:13.599Z;1;1;314;-1.0;-1.0
0.0;2314.8439912566837;1784231234199;2026-07-16T19:47:14.199Z;1;1;314;-1.0;-1.0
0.0;2314.8439912566837;1784231234599;2026-07-16T19:47:14.599Z;1;1;314;-1.0;-1.0
0.0;2314.8439912566837;1784231234599;2026-07-16T19:47:14.599Z;1;1;314;-1.0;-1.0
0.0;2314.8439912566837;1784231235199;2026-07-16T19:47:15.199Z;1;1;314;-1.0;-1.0
0.0;2314.8439912566837;1784231235199;2026-07-16T19:47:15.199Z;1;1;314;-1.0;-1.0
0.0;2314.8439912566837;1784231235599;2026-07-16T19:47:15.599Z;1;1;314;-1.0;-1.0
0.0;2314.8439912566837;1784231235599;2026-07-16T19:47:15.599Z;1;1;314;-1.0;-1.0
0.0;2314.8439912566837;1784231236199;2026-07-16T19:47:16.199Z;1;1;314;-1.0;-1.0
0.0;2314.8439912566837;1784231236199;2026-07-16T19:47:16.199Z;1;1;314;-1.0;-1.0
0.0;2314.8439912566837;1784231236599;2026-07-16T19:47:16.599Z;1;1;314;-1.0;-1.0
0.0;2314.8439912566837;1784231236599;2026-07-16T19:47:16.599Z;1;1;314;-1.0;-1.0
0.0;2314.8439912566837;1784231237199;2026-07-16T19:47:17.199Z;1;1;314;-1.0;-1.0
0.0;2314.8439912566837;1784231237199;2026-07-16T19:47:17.199Z;1;1;314;-1.0;-1.0
0.0;2314.8439912566837;1784231237599;2026-07-16T19:47:17.599Z;1;1;314;-1.0;-1.0
0.0;2314.8439912566837;1784231237599;2026-07-16T19:47:17.599Z;1;1;314;-1.0;-1.0
0.0;2314.8439912566837;1784231238199;2026-07-16T19:47:18.199Z;1;1;314;-1.0;-1.0
0.0;2314.8439912566837;1784231238199;2026-07-16T19:47:18.199Z;1;1;314;-1.0;-1.0
0.0;2314.8439912566837;1784231238599;2026-07-16T19:47:18.599Z;1;1;314;-1.0;-1.0
0.0;2314.8439912566837;1784231238599;2026-07-16T19:47:18.599Z;1;1;314;-1.0;-1.0
0.0;2314.8439912566837;1784231239199;2026-07-16T19:47:19.199Z;1;1;314;-1.0;-1.0
0.0;2314.8439912566837;1784231239199;2026-07-16T19:47:19.199Z;1;1;314;-1.0;-1.0
0.0;2314.8439912566837;1784231239599;2026-07-16T19:47:19.599Z;1;1;314;-1.0;-1.0
0.0;2314.8439912566837;1784231239599;2026-07-16T19:47:19.599Z;1;1;314;-1.0;-1.0
0.0;2314.8439912566837;1784231240199;2026-07-16T19:47:20.199Z;1;1;314;-1.0;-1.0
0.0;2314.8439912566837;1784231240199;2026-07-16T19:47:20.199Z;1;1;314;-1.0;-1.0
0.0;2314.8439912566837;1784231240799;2026-07-16T19:47:20.799Z;1;1;314;-1.0;-1.0
0.0;2314.8439912566837;1784231240799;2026-07-16T19:47:20.799Z;1;1;314;-1.0;-1.0
0.0;2314.8439912566837;1784231241199;2026-07-16T19:47:21.199Z;1;1;314;-1.0;-1.0
0.0;2314.8439912566837;1784231241199;2026-07-16T19:47:21.199Z;1;1;314;-1.0;-1.0
0.0;2314.8439912566837;1784231241799;2026-07-16T19:47:21.799Z;1;1;314;-1.0;-1.0
0.0;2314.8439912566837;1784231241799;2026-07-16T19:47:21.799Z;1;1;314;-1.0;-1.0
0.0;2314.8439912566837;1784231242199;2026-07-16T19:47:22.199Z;1;1;314;-1.0;-1.0
0.0;2314.8439912566837;1784231242199;2026-07-16T19:47:22.199Z;1;1;314;-1.0;-1.0
0.0;2314.8439912566837;1784231242799;2026-07-16T19:47:22.799Z;1;1;314;-1.0;-1.0
0.0;2314.8439912566837;1784231242799;2026-07-16T19:47:22.799Z;1;1;314;-1.0;-1.0
0.0;2314.8439912566837;1784231243199;2026-07-16T19:47:23.199Z;1;1;314;-1.0;-1.0
0.0;2314.8439912566837;1784231243199;2026-07-16T19:47:23.199Z;1;1;314;-1.0;-1.0
0.0;2314.8439912566837;1784231243799;2026-07-16T19:47:23.799Z;1;1;314;-1.0;-1.0
0.0;2314.8439912566837;1784231243799;2026-07-16T19:47:23.799Z;1;1;314;-1.0;-1.0
0.0;2314.8439912566837;1784231244199;2026-07-16T19:47:24.199Z;1;1;314;-1.0;-1.0
0.0;2314.8439912566837;1784231244199;2026-07-16T19:47:24.199Z;1;1;314;-1.0;-1.0
0.0;2314.8439912566837;1784231244799;2026-07-16T19:47:24.799Z;1;1;314;-1.0;-1.0
0.0;2314.8439912566837;1784231244799;2026-07-16T19:47:24.799Z;1;1;314;-1.0;-1.0
0.0;2314.8439912566837;1784231245199;2026-07-16T19:47:25.199Z;1;1;314;-1.0;-1.0
0.0;2314.8439912566837;1784231245199;2026-07-16T19:47:25.199Z;1;1;314;-1.0;-1.0
0.0;2314.8439912566837;1784231245799;2026-07-16T19:47:25.799Z;1;1;314;-1.0;-1.0
0.0;2314.8439912566837;1784231245799;2026-07-16T19:47:25.799Z;1;1;314;-1.0;-1.0
0.0;2314.8439912566837;1784231246199;2026-07-16T19:47:26.199Z;1;1;314;-1.0;-1.0
0.0;2314.8439912566837;1784231246199;2026-07-16T19:47:26.199Z;1;1;314;-1.0;-1.0
0.0;2314.8439912566837;1784231246799;2026-07-16T19:47:26.799Z;1;1;314;-1.0;-1.0
0.0;2314.8439912566837;1784231246799;2026-07-16T19:47:26.799Z;1;1;314;-1.0;-1.0
0.0;2314.8439912566837;1784231247199;2026-07-16T19:47:27.199Z;1;1;314;-1.0;-1.0
0.0;2314.8439912566837;1784231247199;2026-07-16T19:47:27.199Z;1;1;314;-1.0;-1.0
0.0;2314.8439912566837;1784231247799;2026-07-16T19:47:27.799Z;1;1;314;-1.0;-1.0
0.0;2314.8439912566837;1784231247799;2026-07-16T19:47:27.799Z;1;1;314;-1.0;-1.0
0.0;2314.8439912566837;1784231248199;2026-07-16T19:47:28.199Z;1;1;314;-1.0;-1.0
0.0;2314.8439912566837;1784231248199;2026-07-16T19:47:28.199Z;1;1;314;-1.0;-1.0
0.0;2314.8439912566837;1784231248799;2026-07-16T19:47:28.799Z;1;1;314;-1.0;-1.0
0.0;2314.8439912566837;1784231248799;2026-07-16T19:47:28.799Z;1;1;314;-1.0;-1.0
0.0;2314.8439912566837;1784231249199;2026-07-16T19:47:29.199Z;1;1;314;-1.0;-1.0
0.0;2314.8439912566837;1784231249199;2026-07-16T19:47:29.199Z;1;1;314;-1.0;-1.0
0.0;2314.8439912566837;1784231249799;2026-07-16T19:47:29.799Z;1;1;314;-1.0;-1.0
0.0;2314.8439912566837;1784231249799;2026-07-16T19:47:29.799Z;1;1;314;-1.0;-1.0
0.0;2314.8439912566837;1784231250199;2026-07-16T19:47:30.199Z;1;1;314;-1.0;-1.0
0.0;2314.8439912566837;1784231250199;2026-07-16T19:47:30.199Z;1;1;314;-1.0;-1.0
0.0;2314.8439912566837;1784231250799;2026-07-16T19:47:30.799Z;1;1;314;-1.0;-1.0
0.0;2314.8439912566837;1784231250799;2026-07-16T19:47:30.799Z;1;1;314;-1.0;-1.0
0.0;2314.8439912566837;1784231251199;2026-07-16T19:47:31.199Z;1;1;314;-1.0;-1.0
0.0;2314.8439912566837;1784231251199;2026-07-16T19:47:31.199Z;1;1;314;-1.0;-1.0
0.0;2314.8439912566837;1784231251799;2026-07-16T19:47:31.799Z;1;1;314;-1.0;-1.0
0.0;2314.8439912566837;1784231251799;2026-07-16T19:47:31.799Z;1;1;314;-1.0;-1.0
0.0;2314.8439912566837;1784231252199;2026-07-16T19:47:32.199Z;1;1;314;-1.0;-1.0
0.0;2314.8439912566837;1784231252199;2026-07-16T19:47:32.199Z;1;1;314;-1.0;-1.0
0.0;2314.8439912566837;1784231252799;2026-07-16T19:47:32.799Z;1;1;314;-1.0;-1.0
0.0;2314.8439912566837;1784231252799;2026-07-16T19:47:32.799Z;1;1;314;-1.0;-1.0
0.0;2314.8439912566837;1784231253199;2026-07-16T19:47:33.199Z;1;1;314;-1.0;-1.0
0.0;2314.8439912566837;1784231253199;2026-07-16T19:47:33.199Z;1;1;314;-1.0;-1.0
0.0;2314.8439912566837;1784231253799;2026-07-16T19:47:33.799Z;1;1;314;-1.0;-1.0
0.0;2314.8439912566837;1784231253799;2026-07-16T19:47:33.799Z;1;1;314;-1.0;-1.0
0.0;2314.8439912566837;1784231254199;2026-07-16T19:47:34.199Z;1;1;314;-1.0;-1.0
0.0;2314.8439912566837;1784231254199;2026-07-16T19:47:34.199Z;1;1;314;-1.0;-1.0
0.0;2314.8439912566837;1784231254799;2026-07-16T19:47:34.799Z;1;1;314;-1.0;-1.0
0.0;2314.8439912566837;1784231254799;2026-07-16T19:47:34.799Z;1;1;314;-1.0;-1.0
0.0;2314.8439912566837;1784231255199;2026-07-16T19:47:35.199Z;1;1;314;-1.0;-1.0
0.0;2314.8439912566837;1784231255199;2026-07-16T19:47:35.199Z;1;1;314;-1.0;-1.0
0.0;2314.8439912566837;1784231255799;2026-07-16T19:47:35.799Z;1;1;314;-1.0;-1.0
0.0;2314.8439912566837;1784231255799;2026-07-16T19:47:35.799Z;1;1;314;-1.0;-1.0
0.0;2314.8439912566837;1784231256199;2026-07-16T19:47:36.199Z;1;1;314;-1.0;-1.0
0.0;2314.8439912566837;1784231256199;2026-07-16T19:47:36.199Z;1;1;314;-1.0;-1.0
0.0;2314.8439912566837;1784231256799;2026-07-16T19:47:36.799Z;1;1;314;-1.0;-1.0
0.0;2314.8439912566837;1784231256799;2026-07-16T19:47:36.799Z;1;1;314;-1.0;-1.0
0.0;2314.8439912566837;1784231257199;2026-07-16T19:47:37.199Z;1;1;314;-1.0;-1.0
0.0;2314.8439912566837;1784231257199;2026-07-16T19:47:37.199Z;1;1;314;-1.0;-1.0
0.0;2314.8439912566837;1784231257799;2026-07-16T19:47:37.799Z;1;1;314;-1.0;-1.0
0.0;2314.8439912566837;1784231257799;2026-07-16T19:47:37.799Z;1;1;314;-1.0;-1.0
0.0;2314.8439912566837;1784231258199;2026-07-16T19:47:38.199Z;1;1;314;-1.0;-1.0
0.0;2314.8439912566837;1784231258199;2026-07-16T19:47:38.199Z;1;1;314;-1.0;-1.0
0.0;2314.8439912566837;1784231258799;2026-07-16T19:47:38.799Z;1;1;314;-1.0;-1.0
0.0;2314.8439912566837;1784231258799;2026-07-16T19:47:38.799Z;1;1;314;-1.0;-1.0
0.0;2314.8439912566837;1784231259199;2026-07-16T19:47:39.199Z;1;1;314;-1.0;-1.0
0.0;2314.8439912566837;1784231259199;2026-07-16T19:47:39.199Z;1;1;314;-1.0;-1.0
0.0;2314.8439912566837;1784231259799;2026-07-16T19:47:39.799Z;1;1;314;-1.0;-1.0
0.0;2314.8439912566837;1784231259799;2026-07-16T19:47:39.799Z;1;1;314;-1.0;-1.0
0.0;2314.8439912566837;1784231260399;2026-07-16T19:47:40.399Z;1;1;314;-1.0;-1.0
0.0;2314.8439912566837;1784231260399;2026-07-16T19:47:40.399Z;1;1;314;-1.0;-1.0
0.0;2314.8439912566837;1784231260799;2026-07-16T19:47:40.799Z;1;1;314;-1.0;-1.0
0.0;2314.8439912566837;1784231260799;2026-07-16T19:47:40.799Z;1;1;314;-1.0;-1.0
0.0;2314.8439912566837;1784231261399;2026-07-16T19:47:41.399Z;1;1;314;-1.0;-1.0
0.0;2314.8439912566837;1784231261399;2026-07-16T19:47:41.399Z;1;1;314;-1.0;-1.0
0.0;2314.8439912566837;1784231261799;2026-07-16T19:47:41.799Z;1;1;314;-1.0;-1.0
0.0;2314.8439912566837;1784231261799;2026-07-16T19:47:41.799Z;1;1;314;-1.0;-1.0
0.0;2314.8439912566837;1784231262399;2026-07-16T19:47:42.399Z;1;1;314;-1.0;-1.0
0.0;2314.8439912566837;1784231262399;2026-07-16T19:47:42.399Z;1;1;314;-1.0;-1.0
0.0;2314.8439912566837;1784231262799;2026-07-16T19:47:42.799Z;1;1;314;-1.0;-1.0
0.0;2314.8439912566837;1784231262799;2026-07-16T19:47:42.799Z;1;1;314;-1.0;-1.0
0.0;2314.8439912566837;1784231263399;2026-07-16T19:47:43.399Z;1;1;314;-1.0;-1.0
0.0;2314.8439912566837;1784231263399;2026-07-16T19:47:43.399Z;1;1;314;-1.0;-1.0
0.0;2314.8439912566837;1784231263799;2026-07-16T19:47:43.799Z;1;1;314;-1.0;-1.0
0.0;2314.8439912566837;1784231263799;2026-07-16T19:47:43.799Z;1;1;314;-1.0;-1.0
0.0;2314.8439912566837;1784231264399;2026-07-16T19:47:44.399Z;1;1;314;-1.0;-1.0
0.0;2314.8439912566837;1784231264399;2026-07-16T19:47:44.399Z;1;1;314;-1.0;-1.0
0.0;2314.8439912566837;1784231264799;2026-07-16T19:47:44.799Z;1;1;314;-1.0;-1.0
0.0;2314.8439912566837;1784231264799;2026-07-16T19:47:44.799Z;1;1;314;-1.0;-1.0
0.0;2314.8439912566837;1784231265399;2026-07-16T19:47:45.399Z;1;1;314;-1.0;-1.0
0.0;2314.8439912566837;1784231265399;2026-07-16T19:47:45.399Z;1;1;314;-1.0;-1.0
0.0;2314.8439912566837;1784231265799;2026-07-16T19:47:45.799Z;1;1;314;-1.0;-1.0
0.0;2314.8439912566837;1784231265799;2026-07-16T19:47:45.799Z;1;1;314;-1.0;-1.0
0.0;2314.8439912566837;1784231266399;2026-07-16T19:47:46.399Z;1;1;314;-1.0;-1.0
0.0;2314.8439912566837;1784231266399;2026-07-16T19:47:46.399Z;1;1;314;-1.0;-1.0
0.0;2314.8439912566837;1784231266799;2026-07-16T19:47:46.799Z;1;1;314;-1.0;-1.0
0.0;2314.8439912566837;1784231266799;2026-07-16T19:47:46.799Z;1;1;314;-1.0;-1.0
0.0;2314.8439912566837;1784231267399;2026-07-16T19:47:47.399Z;1;1;314;-1.0;-1.0
0.0;2314.8439912566837;1784231267399;2026-07-16T19:47:47.399Z;1;1;314;-1.0;-1.0
0.0;2314.8439912566837;1784231267799;2026-07-16T19:47:47.799Z;1;1;314;-1.0;-1.0
0.0;2314.8439912566837;1784231267799;2026-07-16T19:47:47.799Z;1;1;314;-1.0;-1.0
0.0;2314.8439912566837;1784231268399;2026-07-16T19:47:48.399Z;1;1;314;-1.0;-1.0
0.0;2314.8439912566837;1784231268399;2026-07-16T19:47:48.399Z;1;1;314;-1.0;-1.0
0.0;2314.8439912566837;1784231268799;2026-07-16T19:47:48.799Z;1;1;314;-1.0;-1.0
0.0;2314.8439912566837;1784231268799;2026-07-16T19:47:48.799Z;1;1;314;-1.0;-1.0
0.0;2314.8439912566837;1784231269399;2026-07-16T19:47:49.399Z;1;1;314;-1.0;-1.0
0.0;2314.8439912566837;1784231269399;2026-07-16T19:47:49.399Z;1;1;314;-1.0;-1.0
0.0;2314.8439912566837;1784231269799;2026-07-16T19:47:49.799Z;1;1;314;-1.0;-1.0
0.0;2314.8439912566837;1784231269799;2026-07-16T19:47:49.799Z;1;1;314;-1.0;-1.0
0.0;2314.8439912566837;1784231270399;2026-07-16T19:47:50.399Z;1;1;314;-1.0;-1.0
0.0;2314.8439912566837;1784231270399;2026-07-16T19:47:50.399Z;1;1;314;-1.0;-1.0
0.0;2314.8439912566837;1784231270799;2026-07-16T19:47:50.799Z;1;1;314;-1.0;-1.0
0.0;2314.8439912566837;1784231270799;2026-07-16T19:47:50.799Z;1;1;314;-1.0;-1.0
0.0;2314.8439912566837;1784231271399;2026-07-16T19:47:51.399Z;1;1;314;-1.0;-1.0
0.0;2314.8439912566837;1784231271399;2026-07-16T19:47:51.399Z;1;1;314;-1.0;-1.0
0.0;2314.8439912566837;1784231271799;2026-07-16T19:47:51.799Z;1;1;314;-1.0;-1.0
0.0;2314.8439912566837;1784231271799;2026-07-16T19:47:51.799Z;1;1;314;-1.0;-1.0
0.0;2314.8439912566837;1784231272399;2026-07-16T19:47:52.399Z;1;1;314;-1.0;-1.0
0.0;2314.8439912566837;1784231272399;2026-07-16T19:47:52.399Z;1;1;314;-1.0;-1.0
0.0;2314.8439912566837;1784231272799;2026-07-16T19:47:52.799Z;1;1;314;-1.0;-1.0
0.0;2314.8439912566837;1784231272799;2026-07-16T19:47:52.799Z;1;1;314;-1.0;-1.0
0.0;2314.8439912566837;1784231273399;2026-07-16T19:47:53.399Z;1;1;314;-1.0;-1.0
0.0;2314.8439912566837;1784231273399;2026-07-16T19:47:53.399Z;1;1;314;-1.0;-1.0
0.0;2314.8439912566837;1784231273799;2026-07-16T19:47:53.799Z;1;1;314;-1.0;-1.0
0.0;2314.8439912566837;1784231273799;2026-07-16T19:47:53.799Z;1;1;314;-1.0;-1.0
0.0;2314.8439912566837;1784231274399;2026-07-16T19:47:54.399Z;1;1;314;-1.0;-1.0
0.0;2314.8439912566837;1784231274399;2026-07-16T19:47:54.399Z;1;1;314;-1.0;-1.0
0.0;2314.8439912566837;1784231274799;2026-07-16T19:47:54.799Z;1;1;314;-1.0;-1.0
0.0;2314.8439912566837;1784231274799;2026-07-16T19:47:54.799Z;1;1;314;-1.0;-1.0
0.0;2314.8439912566837;1784231275399;2026-07-16T19:47:55.399Z;1;1;314;-1.0;-1.0
0.0;2314.8439912566837;1784231275399;2026-07-16T19:47:55.399Z;1;1;314;-1.0;-1.0
0.0;2314.8439912566837;1784231275799;2026-07-16T19:47:55.799Z;1;1;314;-1.0;-1.0
0.0;2314.8439912566837;1784231275799;2026-07-16T19:47:55.799Z;1;1;314;-1.0;-1.0
0.0;2314.8439912566837;1784231276399;2026-07-16T19:47:56.399Z;1;1;314;-1.0;-1.0
0.0;2314.8439912566837;1784231276399;2026-07-16T19:47:56.399Z;1;1;314;-1.0;-1.0
0.0;2314.8439912566837;1784231276799;2026-07-16T19:47:56.799Z;1;1;314;-1.0;-1.0
0.0;2314.8439912566837;1784231276799;2026-07-16T19:47:56.799Z;1;1;314;-1.0;-1.0
0.0;2314.8439912566837;1784231277399;2026-07-16T19:47:57.399Z;1;1;314;-1.0;-1.0
0.0;2314.8439912566837;1784231277399;2026-07-16T19:47:57.399Z;1;1;314;-1.0;-1.0
0.0;2314.8439912566837;1784231278000;2026-07-16T19:47:58Z;1;1;314;-1.0;-1.0
0.0;2314.8439912566837;1784231278000;2026-07-16T19:47:58Z;1;1;314;-1.0;-1.0
0.0;2314.8439912566837;1784231278399;2026-07-16T19:47:58.399Z;1;1;314;-1.0;-1.0
0.0;2314.8439912566837;1784231278399;2026-07-16T19:47:58.399Z;1;1;314;-1.0;-1.0
0.0;2314.8439912566837;1784231279000;2026-07-16T19:47:59Z;1;1;314;-1.0;-1.0
0.0;2314.8439912566837;1784231279000;2026-07-16T19:47:59Z;1;1;314;-1.0;-1.0
0.0;2314.8439912566837;1784231279399;2026-07-16T19:47:59.399Z;1;1;314;-1.0;-1.0
0.0;2314.8439912566837;1784231279399;2026-07-16T19:47:59.399Z;1;1;314;-1.0;-1.0
0.0;2314.8439912566837;1784231280000;2026-07-16T19:48:00Z;1;1;314;-1.0;-1.0
0.0;2314.8439912566837;1784231280000;2026-07-16T19:48:00Z;1;1;314;-1.0;-1.0
0.0;2314.8439912566837;1784231280399;2026-07-16T19:48:00.399Z;1;1;314;-1.0;-1.0
0.0;2314.8439912566837;1784231280399;2026-07-16T19:48:00.399Z;1;1;314;-1.0;-1.0
0.0;2314.8439912566837;1784231281000;2026-07-16T19:48:01Z;1;1;314;-1.0;-1.0
0.0;2314.8439912566837;1784231281000;2026-07-16T19:48:01Z;1;1;314;-1.0;-1.0
0.1770526283510665;2314.8675397443562;1784231281399;2026-07-16T19:48:01.399Z;1;1;314;-1.0;-1.0
0.1770526283510665;2314.8675397443562;1784231281399;2026-07-16T19:48:01.399Z;1;1;314;-1.0;-1.0
0.5080868642240978;2315.2603594430743;1784231282000;2026-07-16T19:48:02Z;1;1;315;-1.0;-1.0
0.5080868642240978;2315.2603594430743;1784231282000;2026-07-16T19:48:02Z;1;1;315;-1.0;-1.0
0.7090804088018787;2315.493107327531;1784231282399;2026-07-16T19:48:02.399Z;1;1;315;-1.0;-1.0
0.7090804088018787;2315.493107327531;1784231282399;2026-07-16T19:48:02.399Z;1;1;315;-1.0;-1.0
1.0409221404682272;2315.984534123229;1784231283000;2026-07-16T19:48:03Z;1;1;315;-1.0;-1.0
1.0409221404682272;2315.984534123229;1784231283000;2026-07-16T19:48:03Z;1;1;315;-1.0;-1.0
1.3409851080404567;2316.4433426237993;1784231283399;2026-07-16T19:48:03.399Z;1;1;316;-1.0;-1.0
1.3409851080404567;2316.4433426237993;1784231283399;2026-07-16T19:48:03.399Z;1;1;316;-1.0;-1.0
1.7518807970569166;2317.3610340271835;1784231284000;2026-07-16T19:48:04Z;1;1;317;-1.0;-1.0
1.7518807970569166;2317.3610340271835;1784231284000;2026-07-16T19:48:04Z;1;1;317;-1.0;-1.0
2.0541956338209433;2318.10436848922;1784231284399;2026-07-16T19:48:04.399Z;1;1;318;-1.0;-1.0
2.0541956338209433;2318.10436848922;1784231284399;2026-07-16T19:48:04.399Z;1;1;318;-1.0;-1.0
2.57267046140251;2319.680438346491;1784231285000;2026-07-16T19:48:05Z;1;1;319;-1.0;-1.0
2.57267046140251;2319.680438346491;1784231285000;2026-07-16T19:48:05Z;1;1;319;-1.0;-1.0
2.8862913160675383;2320.7540638298165;1784231285399;2026-07-16T19:48:05.399Z;1;1;320;-1.0;-1.0
2.8862913160675383;2320.7540638298165;1784231285399;2026-07-16T19:48:05.399Z;1;1;320;-1.0;-1.0
3.405274049222032;2322.808023077075;1784231286000;2026-07-16T19:48:06Z;1;1;322;-1.0;-1.0
3.405274049222032;2322.808023077075;1784231286000;2026-07-16T19:48:06Z;1;1;322;-1.0;-1.0
3.7189427028266104;2324.213899720537;1784231286399;2026-07-16T19:48:06.399Z;1;1;324;-1.0;-1.0
3.7189427028266104;2324.213899720537;1784231286399;2026-07-16T19:48:06.399Z;1;1;324;-1.0;-1.0
4.237366656118673;2326.642707563335;1784231287000;2026-07-16T19:48:07Z;1;1;326;-1.0;-1.0
4.237366656118673;2326.642707563335;1784231287000;2026-07-16T19:48:07Z;1;1;326;-1.0;-1.0
4.551179064328086;2328.380606671296;1784231287399;2026-07-16T19:48:07.399Z;1;1;328;-1.0;-1.0
4.551179064328086;2328.380606671296;1784231287399;2026-07-16T19:48:07.399Z;1;1;328;-1.0;-1.0
5.068904866529855;2331.237900913283;1784231288000;2026-07-16T19:48:08Z;1;1;331;-1.0;-1.0
5.068904866529855;2331.237900913283;1784231288000;2026-07-16T19:48:08Z;1;1;331;-1.0;-1.0
5.382995847330424;2333.3076988637126;1784231288399;2026-07-16T19:48:08.399Z;1;1;333;-1.0;-1.0
5.382995847330424;2333.3076988637126;1784231288399;2026-07-16T19:48:08.399Z;1;1;333;-1.0;-1.0
5.9011081081494785;2336.7778572271377;1784231289000;2026-07-16T19:48:09Z;1;1;336;-1.0;-1.0
5.9011081081494785;2336.7778572271377;1784231289000;2026-07-16T19:48:09Z;1;1;336;-1.0;-1.0
6.2144149712576935;2339.1795046104166;1784231289399;2026-07-16T19:48:09.399Z;1;1;339;-1.0;-1.0
6.2144149712576935;2339.1795046104166;1784231289399;2026-07-16T19:48:09.399Z;1;1;339;-1.0;-1.0
6.731438111649643;2343.0077187446113;1784231290000;2026-07-16T19:48:10Z;1;1;343;18.00977897644043;59.278228759765625
6.731438111649643;2343.0077187446113;1784231290000;2026-07-16T19:48:10Z;1;1;343;18.00977897644043;59.278228759765625
7.045243764241581;2345.740834200564;1784231290399;2026-07-16T19:48:10.399Z;1;1;345;-1.0;-1.0
7.045243764241581;2345.740834200564;1784231290399;2026-07-16T19:48:10.399Z;1;1;345;-1.0;-1.0
7.563031348444637;2350.3121411641987;1784231291000;2026-07-16T19:48:11Z;1;1;350;-1.0;-1.0
7.563031348444637;2350.3121411641987;1784231291000;2026-07-16T19:48:11Z;1;1;350;-1.0;-1.0
7.875659464548375;2353.376792678479;1784231291399;2026-07-16T19:48:11.399Z;1;1;353;-1.0;-1.0
7.875659464548375;2353.376792678479;1784231291399;2026-07-16T19:48:11.399Z;1;1;353;-1.0;-1.0
8.392225257564762;2358.257344371115;1784231292000;2026-07-16T19:48:12Z;1;1;358;-1.0;-1.0
8.392225257564762;2358.257344371115;1784231292000;2026-07-16T19:48:12Z;1;1;358;-1.0;-1.0
8.867999340907097;2363.405798118923;1784231292599;2026-07-16T19:48:12.599Z;1;1;363;-1.0;-1.0
8.867999340907097;2363.405798118923;1784231292599;2026-07-16T19:48:12.599Z;1;1;363;-1.0;-1.0
9.226449723816042;2367.2008830292607;1784231293000;2026-07-16T19:48:13Z;1;1;367;-1.0;-1.0
9.226449723816042;2367.2008830292607;1784231293000;2026-07-16T19:48:13Z;1;1;367;-1.0;-1.0
9.69917853125818;2372.8469552076126;1784231293599;2026-07-16T19:48:13.599Z;1;1;372;-1.0;-1.0
9.69917853125818;2372.8469552076126;1784231293599;2026-07-16T19:48:13.599Z;1;1;372;-1.0;-1.0
10.057986212513702;2376.8782332194546;1784231294000;2026-07-16T19:48:14Z;1;1;376;-1.0;-1.0
10.057986212513702;2376.8782332194546;1784231294000;2026-07-16T19:48:14Z;1;1;376;-1.0;-1.0
10.532107667488887;2383.022791564482;1784231294599;2026-07-16T19:48:14.599Z;1;1;383;-1.0;-1.0
10.532107667488887;2383.022791564482;1784231294599;2026-07-16T19:48:14.599Z;1;1;383;-1.0;-1.0
10.891399269891222;2387.322606113818;1784231295000;2026-07-16T19:48:15Z;1;1;387;-1.0;-1.0
10.891399269891222;2387.322606113818;1784231295000;2026-07-16T19:48:15Z;1;1;387;-1.0;-1.0
11.367072446643324;2393.966864124286;1784231295599;2026-07-16T19:48:15.599Z;1;1;393;-1.0;-1.0
11.367072446643324;2393.966864124286;1784231295599;2026-07-16T19:48:15.599Z;1;1;393;-1.0;-1.0
11.728072870322796;2398.79730832773;1784231296000;2026-07-16T19:48:16Z;1;1;398;-1.0;-1.0
11.728072870322796;2398.79730832773;1784231296000;2026-07-16T19:48:16Z;1;1;398;-1.0;-1.0
12.204290518189197;2405.9427524802577;1784231296599;2026-07-16T19:48:16.599Z;1;1;405;-1.0;-1.0
12.204290518189197;2405.9427524802577;1784231296599;2026-07-16T19:48:16.599Z;1;1;405;-1.0;-1.0
12.565753560464275;2410.9504644881313;1784231297000;2026-07-16T19:48:17Z;1;1;410;-1.0;-1.0
12.565753560464275;2410.9504644881313;1784231297000;2026-07-16T19:48:17Z;1;1;410;-1.0;-1.0
13.043890929509512;2418.5982261703907;1784231297599;2026-07-16T19:48:17.599Z;1;1;418;-1.0;-1.0
13.043890929509512;2418.5982261703907;1784231297599;2026-07-16T19:48:17.599Z;1;1;418;-1.0;-1.0
13.406668995377785;2424.0561612443503;1784231298000;2026-07-16T19:48:18Z;1;1;424;-1.0;-1.0
13.406668995377785;2424.0561612443503;1784231298000;2026-07-16T19:48:18Z;1;1;424;-1.0;-1.0
13.8866748534553;2432.2081761001996;1784231298599;2026-07-16T19:48:18.599Z;1;1;432;-1.0;-1.0
13.8866748534553;2432.2081761001996;1784231298599;2026-07-16T19:48:18.599Z;1;1;432;-1.0;-1.0
14.250872227114362;2437.9529995284847;1784231299000;2026-07-16T19:48:19Z;1;1;437;-1.0;-1.0
14.250872227114362;2437.9529995284847;1784231299000;2026-07-16T19:48:19Z;1;1;437;-1.0;-1.0
14.73279242026365;2446.611211069895;1784231299599;2026-07-16T19:48:19.599Z;1;1;446;-1.0;-1.0
14.73279242026365;2446.611211069895;1784231299599;2026-07-16T19:48:19.599Z;1;1;446;-1.0;-1.0
15.097401327712447;2452.5529561861363;1784231300000;2026-07-16T19:48:20Z;1;1;452;-1.0;-1.0
15.097401327712447;2452.5529561861363;1784231300000;2026-07-16T19:48:20Z;1;1;452;-1.0;-1.0
15.579761227200985;2461.718376144955;1784231300599;2026-07-16T19:48:20.599Z;1;1;461;-1.0;-1.0
15.579761227200985;2461.718376144955;1784231300599;2026-07-16T19:48:20.599Z;1;1;461;-1.0;-1.0
15.94505442782319;2468.1824380131566;1784231301000;2026-07-16T19:48:21Z;1;1;468;-1.0;-1.0
15.94505442782319;2468.1824380131566;1784231301000;2026-07-16T19:48:21Z;1;1;468;-1.0;-1.0
16.42680301954781;2477.855353604875;1784231301599;2026-07-16T19:48:21.599Z;1;1;477;-1.0;-1.0
16.42680301954781;2477.855353604875;1784231301599;2026-07-16T19:48:21.599Z;1;1;477;-1.0;-1.0
16.791116070696805;2484.4434842890696;1784231302000;2026-07-16T19:48:22Z;1;1;484;-1.0;-1.0
16.791116070696805;2484.4434842890696;1784231302000;2026-07-16T19:48:22Z;1;1;484;-1.0;-1.0
17.273838478226903;2494.6236287325523;1784231302599;2026-07-16T19:48:22.599Z;1;1;494;-1.0;-1.0
17.273838478226903;2494.6236287325523;1784231302599;2026-07-16T19:48:22.599Z;1;1;494;-1.0;-1.0
17.63915497186852;2501.858743022463;1784231303000;2026-07-16T19:48:23Z;1;1;501;-1.0;-1.0
17.63915497186852;2501.858743022463;1784231303000;2026-07-16T19:48:23Z;1;1;501;-1.0;-1.0
18.115918244116497;2512.545722806643;1784231303599;2026-07-16T19:48:23.599Z;1;1;512;-1.0;-1.0
18.115918244116497;2512.545722806643;1784231303599;2026-07-16T19:48:23.599Z;1;1;512;-1.0;-1.0
18.468820008172635;2519.8135767183867;1784231304000;2026-07-16T19:48:24Z;1;1;519;-1.0;-1.0
18.468820008172635;2519.8135767183867;1784231304000;2026-07-16T19:48:24Z;1;1;519;-1.0;-1.0
18.926176494696247;2530.992592044124;1784231304599;2026-07-16T19:48:24.599Z;1;1;530;-1.0;-1.0
18.926176494696247;2530.992592044124;1784231304599;2026-07-16T19:48:24.599Z;1;1;530;-1.0;-1.0
19.26554588294206;2538.688225421045;1784231305000;2026-07-16T19:48:25Z;1;1;538;-1.0;-1.0
19.26554588294206;2538.688225421045;1784231305000;2026-07-16T19:48:25Z;1;1;538;-1.0;-1.0
19.70622096532437;2550.340167914012;1784231305599;2026-07-16T19:48:25.599Z;1;1;550;-1.0;-1.0
19.70622096532437;2550.340167914012;1784231305599;2026-07-16T19:48:25.599Z;1;1;550;-1.0;-1.0
20.034651495411456;2558.486821493017;1784231306000;2026-07-16T19:48:26Z;1;1;558;-1.0;-1.0
20.034651495411456;2558.486821493017;1784231306000;2026-07-16T19:48:26Z;1;1;558;-1.0;-1.0
20.4602968817701;2570.59540407679;1784231306599;2026-07-16T19:48:26.599Z;1;1;570;-1.0;-1.0
20.4602968817701;2570.59540407679;1784231306599;2026-07-16T19:48:26.599Z;1;1;570;-1.0;-1.0
20.7779284066395;2578.9385817251136;1784231307000;2026-07-16T19:48:27Z;1;1;578;-1.0;-1.0
20.7779284066395;2578.9385817251136;1784231307000;2026-07-16T19:48:27Z;1;1;578;-1.0;-1.0
21.190856554002146;2591.4893167515556;1784231307599;2026-07-16T19:48:27.599Z;1;1;591;-1.0;-1.0
21.190856554002146;2591.4893167515556;1784231307599;2026-07-16T19:48:27.599Z;1;1;591;-1.0;-1.0
21.49746159060293;2600.0431793293337;1784231308000;2026-07-16T19:48:28Z;1;1;600;-1.0;-1.0
21.49746159060293;2600.0431793293337;1784231308000;2026-07-16T19:48:28Z;1;1;600;-1.0;-1.0
21.89412190931608;2613.020802693729;1784231308599;2026-07-16T19:48:28.599Z;1;1;613;-1.0;-1.0
21.89412190931608;2613.020802693729;1784231308599;2026-07-16T19:48:28.599Z;1;1;613;-1.0;-1.0
22.187614249511377;2621.9124588193886;1784231309000;2026-07-16T19:48:29Z;1;1;621;-1.0;-1.0
22.187614249511377;2621.9124588193886;1784231309000;2026-07-16T19:48:29Z;1;1;621;-1.0;-1.0
22.56688149169672;2635.299060318695;1784231309599;2026-07-16T19:48:29.599Z;1;1;635;-1.0;-1.0
22.56688149169672;2635.299060318695;1784231309599;2026-07-16T19:48:29.599Z;1;1;635;-1.0;-1.0
22.847974705809996;2644.6312885280277;1784231310000;2026-07-16T19:48:30Z;1;1;644;-1.0;-1.0
22.847974705809996;2644.6312885280277;1784231310000;2026-07-16T19:48:30Z;1;1;644;-1.0;-1.0
23.210547007684944;2658.409154807887;1784231310599;2026-07-16T19:48:30.599Z;1;1;658;-1.0;-1.0
23.210547007684944;2658.409154807887;1784231310599;2026-07-16T19:48:30.599Z;1;1;658;-1.0;-1.0
23.479192305163476;2667.7078889815043;1784231311000;2026-07-16T19:48:31Z;1;1;667;-1.0;-1.0
23.479192305163476;2667.7078889815043;1784231311000;2026-07-16T19:48:31Z;1;1;667;-1.0;-1.0
23.829238751510296;2681.860513143482;1784231311599;2026-07-16T19:48:31.599Z;1;1;681;-1.0;-1.0
23.829238751510296;2681.860513143482;1784231311599;2026-07-16T19:48:31.599Z;1;1;681;-1.0;-1.0
24.073715696683337;2691.4588575798925;1784231312000;2026-07-16T19:48:32Z;1;1;691;-1.0;-1.0
24.073715696683337;2691.4588575798925;1784231312000;2026-07-16T19:48:32Z;1;1;691;-1.0;-1.0
24.42993548152307;2705.976983595574;1784231312599;2026-07-16T19:48:32.599Z;1;1;705;-1.0;-1.0
24.42993548152307;2705.976983595574;1784231312599;2026-07-16T19:48:32.599Z;1;1;705;-1.0;-1.0
24.668013388007505;2715.8152332886057;1784231313000;2026-07-16T19:48:33Z;1;1;715;-1.0;-1.0
24.668013388007505;2715.8152332886057;1784231313000;2026-07-16T19:48:33Z;1;1;715;-1.0;-1.0
25.01253761048694;2730.686245690031;1784231313599;2026-07-16T19:48:33.599Z;1;1;730;-1.0;-1.0
25.01253761048694;2730.686245690031;1784231313599;2026-07-16T19:48:33.599Z;1;1;730;-1.0;-1.0
25.240673217320662;2745.7596985338537;1784231314199;2026-07-16T19:48:34.199Z;1;1;745;-1.0;-1.0
25.240673217320662;2745.7596985338537;1784231314199;2026-07-16T19:48:34.199Z;1;1;745;-1.0;-1.0
25.380773240381522;2755.8804264612822;1784231314599;2026-07-16T19:48:34.599Z;1;1;755;-1.0;-1.0
25.380773240381522;2755.8804264612822;1784231314599;2026-07-16T19:48:34.599Z;1;1;755;-1.0;-1.0
25.582115501126715;2771.1640276736853;1784231315199;2026-07-16T19:48:35.199Z;1;1;771;-1.0;-1.0
25.582115501126715;2771.1640276736853;1784231315199;2026-07-16T19:48:35.199Z;1;1;771;-1.0;-1.0
25.715547170132623;2781.4200617039824;1784231315599;2026-07-16T19:48:35.599Z;1;1;781;-1.0;-1.0
25.715547170132623;2781.4200617039824;1784231315599;2026-07-16T19:48:35.599Z;1;1;781;-1.0;-1.0
25.9080449431209;2796.902061943878;1784231316199;2026-07-16T19:48:36.199Z;1;1;796;-1.0;-1.0
25.9080449431209;2796.902061943878;1784231316199;2026-07-16T19:48:36.199Z;1;1;796;-1.0;-1.0
26.03667344128855;2807.287577529353;1784231316599;2026-07-16T19:48:36.599Z;1;1;807;-1.0;-1.0
26.03667344128855;2807.287577529353;1784231316599;2026-07-16T19:48:36.599Z;1;1;807;-1.0;-1.0
26.22487944207359;2822.960921616866;1784231317199;2026-07-16T19:48:37.199Z;1;1;822;-1.0;-1.0
26.22487944207359;2822.960921616866;1784231317199;2026-07-16T19:48:37.199Z;1;1;822;-1.0;-1.0
26.351429908615366;2833.4727981070155;1784231317599;2026-07-16T19:48:37.599Z;1;1;833;-1.0;-1.0
26.351429908615366;2833.4727981070155;1784231317599;2026-07-16T19:48:37.599Z;1;1;833;-1.0;-1.0
26.53662312314367;2849.3341787542986;1784231318199;2026-07-16T19:48:38.199Z;1;1;849;-1.0;-1.0
26.53662312314367;2849.3341787542986;1784231318199;2026-07-16T19:48:38.199Z;1;1;849;-1.0;-1.0
26.660959047348936;2859.9703698758594;1784231318599;2026-07-16T19:48:38.599Z;1;1;859;-1.0;-1.0
26.660959047348936;2859.9703698758594;1784231318599;2026-07-16T19:48:38.599Z;1;1;859;-1.0;-1.0
26.842719200360218;2876.016526213744;1784231319199;2026-07-16T19:48:39.199Z;1;1;876;-1.0;-1.0
26.842719200360218;2876.016526213744;1784231319199;2026-07-16T19:48:39.199Z;1;1;876;-1.0;-1.0
26.964773038643887;2886.7747544451067;1784231319599;2026-07-16T19:48:39.599Z;1;1;886;-1.0;-1.0
26.964773038643887;2886.7747544451067;1784231319599;2026-07-16T19:48:39.599Z;1;1;886;-1.0;-1.0
27.14320737186521;2903.0022855226066;1784231320199;2026-07-16T19:48:40.199Z;1;1;903;-1.0;-1.0
27.14320737186521;2903.0022855226066;1784231320199;2026-07-16T19:48:40.199Z;1;1;903;-1.0;-1.0
27.26302537787614;2913.880317094866;1784231320599;2026-07-16T19:48:40.599Z;1;1;913;-1.0;-1.0
27.26302537787614;2913.880317094866;1784231320599;2026-07-16T19:48:40.599Z;1;1;913;-1.0;-1.0
27.43828150864779;2930.2859120925195;1784231321199;2026-07-16T19:48:41.199Z;1;1;930;-1.0;-1.0
27.43828150864779;2930.2859120925195;1784231321199;2026-07-16T19:48:41.199Z;1;1;930;-1.0;-1.0
27.556164241885774;2941.281627732514;1784231321599;2026-07-16T19:48:41.599Z;1;1;941;-1.0;-1.0
27.556164241885774;2941.281627732514;1784231321599;2026-07-16T19:48:41.599Z;1;1;941;-1.0;-1.0
27.72882416383683;2957.8623866842577;1784231322199;2026-07-16T19:48:42.199Z;1;1;957;-1.0;-1.0
27.72882416383683;2957.8623866842577;1784231322199;2026-07-16T19:48:42.199Z;1;1;957;-1.0;-1.0
27.84461002482905;2968.973992815782;1784231322599;2026-07-16T19:48:42.599Z;1;1;968;-1.0;-1.0
27.84461002482905;2968.973992815782;1784231322599;2026-07-16T19:48:42.599Z;1;1;968;-1.0;-1.0
28.009200228196477;2985.7259620471677;1784231323199;2026-07-16T19:48:43.199Z;1;1;985;-1.0;-1.0
28.009200228196477;2985.7259620471677;1784231323199;2026-07-16T19:48:43.199Z;1;1;985;-1.0;-1.0
28.11581108870445;2996.9481913822524;1784231323599;2026-07-16T19:48:43.599Z;1;1;996;-1.0;-1.0
28.11581108870445;2996.9481913822524;1784231323599;2026-07-16T19:48:43.599Z;1;1;996;-1.0;-1.0
28.26569759478556;3013.85885981588;1784231324199;2026-07-16T19:48:44.199Z;1;2;13;-1.0;-1.0
28.26569759478556;3013.85885981588;1784231324199;2026-07-16T19:48:44.199Z;1;2;13;-1.0;-1.0
28.362352954442738;3025.1819487634743;1784231324599;2026-07-16T19:48:44.599Z;1;2;25;-1.0;-1.0
28.362352954442738;3025.1819487634743;1784231324599;2026-07-16T19:48:44.599Z;1;2;25;-1.0;-1.0
28.497572120824476;3042.236523693646;1784231325199;2026-07-16T19:48:45.199Z;1;2;42;-1.0;-1.0
28.497572120824476;3042.236523693646;1784231325199;2026-07-16T19:48:45.199Z;1;2;42;-1.0;-1.0
28.585277310276112;3053.6507255698175;1784231325599;2026-07-16T19:48:45.599Z;1;2;53;-1.0;-1.0
28.585277310276112;3053.6507255698175;1784231325599;2026-07-16T19:48:45.599Z;1;2;53;-1.0;-1.0
28.713158491618472;3070.8366772988456;1784231326199;2026-07-16T19:48:46.199Z;1;2;70;-1.0;-1.0
28.713158491618472;3070.8366772988456;1784231326199;2026-07-16T19:48:46.199Z;1;2;70;-1.0;-1.0
28.79918729143251;3082.336774753895;1784231326599;2026-07-16T19:48:46.599Z;1;2;82;-1.0;-1.0
28.79918729143251;3082.336774753895;1784231326599;2026-07-16T19:48:46.599Z;1;2;82;-1.0;-1.0
28.925552770528334;3099.6506181901727;1784231327199;2026-07-16T19:48:47.199Z;1;2;99;-1.0;-1.0
28.925552770528334;3099.6506181901727;1784231327199;2026-07-16T19:48:47.199Z;1;2;99;-1.0;-1.0
29.010992106279048;3111.235560047658;1784231327599;2026-07-16T19:48:47.599Z;1;2;111;-1.0;-1.0
29.010992106279048;3111.235560047658;1784231327599;2026-07-16T19:48:47.599Z;1;2;111;-1.0;-1.0
29.13684155862625;3128.676336420258;1784231328199;2026-07-16T19:48:48.199Z;1;2;128;-1.0;-1.0
29.13684155862625;3128.676336420258;1784231328199;2026-07-16T19:48:48.199Z;1;2;128;-1.0;-1.0
29.22197644650025;3140.345739721678;1784231328599;2026-07-16T19:48:48.599Z;1;2;140;-1.0;-1.0
29.22197644650025;3140.345739721678;1784231328599;2026-07-16T19:48:48.599Z;1;2;140;-1.0;-1.0
29.347459132451494;3157.913000725669;1784231329199;2026-07-16T19:48:49.199Z;1;2;157;-1.0;-1.0
29.347459132451494;3157.913000725669;1784231329199;2026-07-16T19:48:49.199Z;1;2;157;-1.0;-1.0
29.4322906345632;3169.666602827914;1784231329599;2026-07-16T19:48:49.599Z;1;2;169;-1.0;-1.0
29.4322906345632;3169.666602827914;1784231329599;2026-07-16T19:48:49.599Z;1;2;169;-1.0;-1.0
29.556801150888695;3187.3598245088806;1784231330199;2026-07-16T19:48:50.199Z;1;2;187;-1.0;-1.0
29.556801150888695;3187.3598245088806;1784231330199;2026-07-16T19:48:50.199Z;1;2;187;-1.0;-1.0
29.64064152540011;3199.196998021592;1784231330599;2026-07-16T19:48:50.599Z;1;2;199;-1.0;-1.0
29.64064152540011;3199.196998021592;1784231330599;2026-07-16T19:48:50.599Z;1;2;199;-1.0;-1.0
29.76329481965886;3217.014758695704;1784231331199;2026-07-16T19:48:51.199Z;1;2;217;-1.0;-1.0
29.76329481965886;3217.014758695704;1784231331199;2026-07-16T19:48:51.199Z;1;2;217;-1.0;-1.0
29.845383373571558;3228.934239865224;1784231331599;2026-07-16T19:48:51.599Z;1;2;228;-1.0;-1.0
29.845383373571558;3228.934239865224;1784231331599;2026-07-16T19:48:51.599Z;1;2;228;-1.0;-1.0
29.96489768868945;3246.8740005003597;1784231332199;2026-07-16T19:48:52.199Z;1;2;246;-1.0;-1.0
29.96489768868945;3246.8740005003597;1784231332199;2026-07-16T19:48:52.199Z;1;2;246;-1.0;-1.0
30.044825673099368;3258.8737467842143;1784231332599;2026-07-16T19:48:52.599Z;1;2;258;17.999889373779297;59.27180862426758
30.044825673099368;3258.8737467842143;1784231332599;2026-07-16T19:48:52.599Z;1;2;258;17.999889373779297;59.27180862426758
30.161127236669664;3276.9323045620804;1784231333199;2026-07-16T19:48:53.199Z;1;2;276;-1.0;-1.0
30.161127236669664;3276.9323045620804;1784231333199;2026-07-16T19:48:53.199Z;1;2;276;-1.0;-1.0
30.23867172070932;3289.0101327775515;1784231333599;2026-07-16T19:48:53.599Z;1;2;289;-1.0;-1.0
30.23867172070932;3289.0101327775515;1784231333599;2026-07-16T19:48:53.599Z;1;2;289;-1.0;-1.0
30.351355179939375;3307.184008819536;1784231334199;2026-07-16T19:48:54.199Z;1;2;307;-1.0;-1.0
30.351355179939375;3307.184008819536;1784231334199;2026-07-16T19:48:54.199Z;1;2;307;-1.0;-1.0
30.426550074103577;3319.3375190477204;1784231334599;2026-07-16T19:48:54.599Z;1;2;319;-1.0;-1.0
30.426550074103577;3319.3375190477204;1784231334599;2026-07-16T19:48:54.599Z;1;2;319;-1.0;-1.0
30.535747074675403;3337.6231702281148;1784231335199;2026-07-16T19:48:55.199Z;1;2;337;-1.0;-1.0
30.535747074675403;3337.6231702281148;1784231335199;2026-07-16T19:48:55.199Z;1;2;337;-1.0;-1.0
30.6085885583546;3349.8500284569523;1784231335599;2026-07-16T19:48:55.599Z;1;2;349;-1.0;-1.0
30.6085885583546;3349.8500284569523;1784231335599;2026-07-16T19:48:55.599Z;1;2;349;-1.0;-1.0
30.714634976220207;3368.24401260923;1784231336199;2026-07-16T19:48:56.199Z;1;2;368;-1.0;-1.0
30.714634976220207;3368.24401260923;1784231336199;2026-07-16T19:48:56.199Z;1;2;368;-1.0;-1.0
30.82019353393195;3386.701726083264;1784231336799;2026-07-16T19:48:56.799Z;1;2;386;-1.0;-1.0
30.82019353393195;3386.701726083264;1784231336799;2026-07-16T19:48:56.799Z;1;2;386;-1.0;-1.0
30.890825459204688;3399.041930150074;1784231337199;2026-07-16T19:48:57.199Z;1;2;399;-1.0;-1.0
30.890825459204688;3399.041930150074;1784231337199;2026-07-16T19:48:57.199Z;1;2;399;-1.0;-1.0
30.994388353180604;3417.6045750752746;1784231337799;2026-07-16T19:48:57.799Z;1;2;417;-1.0;-1.0
30.994388353180604;3417.6045750752746;1784231337799;2026-07-16T19:48:57.799Z;1;2;417;-1.0;-1.0
31.064140374310277;3430.014301305538;1784231338199;2026-07-16T19:48:58.199Z;1;2;430;-1.0;-1.0
31.064140374310277;3430.014301305538;1784231338199;2026-07-16T19:48:58.199Z;1;2;430;-1.0;-1.0
31.166438152052404;3448.6805893022647;1784231338799;2026-07-16T19:48:58.799Z;1;2;448;-1.0;-1.0
31.166438152052404;3448.6805893022647;1784231338799;2026-07-16T19:48:58.799Z;1;2;448;-1.0;-1.0
31.23534821338543;3461.1589894447943;1784231339199;2026-07-16T19:48:59.199Z;1;2;461;-1.0;-1.0
31.23534821338543;3461.1589894447943;1784231339199;2026-07-16T19:48:59.199Z;1;2;461;-1.0;-1.0
31.3364240398371;3479.927667409522;1784231339799;2026-07-16T19:48:59.799Z;1;2;479;-1.0;-1.0
31.3364240398371;3479.927667409522;1784231339799;2026-07-16T19:48:59.799Z;1;2;479;-1.0;-1.0
31.404513490989963;3492.473919670266;1784231340199;2026-07-16T19:49:00.199Z;1;2;492;-1.0;-1.0
31.404513490989963;3492.473919670266;1784231340199;2026-07-16T19:49:00.199Z;1;2;492;-1.0;-1.0
31.50438375261006;3511.3437666230375;1784231340799;2026-07-16T19:49:00.799Z;1;2;511;-1.0;-1.0
31.50438375261006;3511.3437666230375;1784231340799;2026-07-16T19:49:00.799Z;1;2;511;-1.0;-1.0
31.57165976696964;3523.9570617387935;1784231341199;2026-07-16T19:49:01.199Z;1;2;523;-1.0;-1.0
31.57165976696964;3523.9570617387935;1784231341199;2026-07-16T19:49:01.199Z;1;2;523;-1.0;-1.0
31.670339502960474;3542.926871315568;1784231341799;2026-07-16T19:49:01.799Z;1;2;542;-1.0;-1.0
31.670339502960474;3542.926871315568;1784231341799;2026-07-16T19:49:01.799Z;1;2;542;-1.0;-1.0
31.73681772238768;3555.6064105618125;1784231342199;2026-07-16T19:49:02.199Z;1;2;555;-1.0;-1.0
31.73681772238768;3555.6064105618125;1784231342199;2026-07-16T19:49:02.199Z;1;2;555;-1.0;-1.0
31.834342305692413;3574.674998119538;1784231342799;2026-07-16T19:49:02.799Z;1;2;574;-1.0;-1.0
31.834342305692413;3574.674998119538;1784231342799;2026-07-16T19:49:02.799Z;1;2;574;-1.0;-1.0
31.900350694870635;3588.309696946299;1784231343199;2026-07-16T19:49:03.199Z;1;2;588;-1.0;-1.0
31.900350694870635;3588.309696946299;1784231343199;2026-07-16T19:49:03.199Z;1;2;588;-1.0;-1.0
31.99629729258892;3607.4755882894437;1784231343799;2026-07-16T19:49:03.799Z;1;2;607;-1.0;-1.0
31.99629729258892;3607.4755882894437;1784231343799;2026-07-16T19:49:03.799Z;1;2;607;-1.0;-1.0
32.06083819100196;3620.1215742955465;1784231344199;2026-07-16T19:49:04.199Z;1;2;620;-1.0;-1.0
32.06083819100196;3620.1215742955465;1784231344199;2026-07-16T19:49:04.199Z;1;2;620;-1.0;-1.0
32.154305967066826;3639.3831462853677;1784231344799;2026-07-16T19:49:04.799Z;1;2;639;-1.0;-1.0
32.154305967066826;3639.3831462853677;1784231344799;2026-07-16T19:49:04.799Z;1;2;639;-1.0;-1.0
32.21711924606766;3652.292888654874;1784231345199;2026-07-16T19:49:05.199Z;1;2;652;-1.0;-1.0
32.21711924606766;3652.292888654874;1784231345199;2026-07-16T19:49:05.199Z;1;2;652;-1.0;-1.0
32.30773104624418;3671.6474443351512;1784231345799;2026-07-16T19:49:05.799Z;1;2;671;-1.0;-1.0
32.30773104624418;3671.6474443351512;1784231345799;2026-07-16T19:49:05.799Z;1;2;671;-1.0;-1.0
32.36852934055068;3684.5859719697305;1784231346199;2026-07-16T19:49:06.199Z;1;2;684;-1.0;-1.0
32.36852934055068;3684.5859719697305;1784231346199;2026-07-16T19:49:06.199Z;1;2;684;-1.0;-1.0
32.456180123050665;3704.030581474681;1784231346799;2026-07-16T19:49:06.799Z;1;2;704;-1.0;-1.0
32.456180123050665;3704.030581474681;1784231346799;2026-07-16T19:49:06.799Z;1;2;704;-1.0;-1.0
32.51515634212116;3717.1060677134683;1784231347199;2026-07-16T19:49:07.199Z;1;2;717;-1.0;-1.0
32.51515634212116;3717.1060677134683;1784231347199;2026-07-16T19:49:07.199Z;1;2;717;-1.0;-1.0
32.60009992384112;3736.637916814406;1784231347799;2026-07-16T19:49:07.799Z;1;2;736;-1.0;-1.0
32.60009992384112;3736.637916814406;1784231347799;2026-07-16T19:49:07.799Z;1;2;736;-1.0;-1.0
32.6571570240931;3749.6101656333667;1784231348199;2026-07-16T19:49:08.199Z;1;2;749;-1.0;-1.0
32.6571570240931;3749.6101656333667;1784231348199;2026-07-16T19:49:08.199Z;1;2;749;-1.0;-1.0
32.739925997692026;3769.226607254782;1784231348799;2026-07-16T19:49:08.799Z;1;2;769;-1.0;-1.0
32.739925997692026;3769.226607254782;1784231348799;2026-07-16T19:49:08.799Z;1;2;769;-1.0;-1.0
32.79607710597134;3782.4172758508926;1784231349199;2026-07-16T19:49:09.199Z;1;2;782;-1.0;-1.0
32.79607710597134;3782.4172758508926;1784231349199;2026-07-16T19:49:09.199Z;1;2;782;-1.0;-1.0
32.877724979758085;3802.1167453287376;1784231349799;2026-07-16T19:49:09.799Z;1;2;802;-1.0;-1.0
32.877724979758085;3802.1167453287376;1784231349799;2026-07-16T19:49:09.799Z;1;2;802;-1.0;-1.0
32.933077724431;3815.203956119205;1784231350199;2026-07-16T19:49:10.199Z;1;2;815;-1.0;-1.0
32.933077724431;3815.203956119205;1784231350199;2026-07-16T19:49:10.199Z;1;2;815;-1.0;-1.0
33.014042791843906;3834.9854259181975;1784231350799;2026-07-16T19:49:10.799Z;1;2;834;-1.0;-1.0
33.014042791843906;3834.9854259181975;1784231350799;2026-07-16T19:49:10.799Z;1;2;834;-1.0;-1.0
33.069576811514445;3848.2859343452283;1784231351199;2026-07-16T19:49:11.199Z;1;2;848;-1.0;-1.0
33.069576811514445;3848.2859343452283;1784231351199;2026-07-16T19:49:11.199Z;1;2;848;-1.0;-1.0
33.151422883296014;3868.149496347409;1784231351799;2026-07-16T19:49:11.799Z;1;2;868;17.996583938598633;59.2667350769043
33.151422883296014;3868.149496347409;1784231351799;2026-07-16T19:49:11.799Z;1;2;868;17.996583938598633;59.2667350769043
33.20764411043576;3881.383362556029;1784231352199;2026-07-16T19:49:12.199Z;1;2;881;-1.0;-1.0
33.20764411043576;3881.383362556029;1784231352199;2026-07-16T19:49:12.199Z;1;2;881;-1.0;-1.0
33.29137079559535;3901.330226139574;1784231352799;2026-07-16T19:49:12.799Z;1;2;901;-1.0;-1.0
33.29137079559535;3901.330226139574;1784231352799;2026-07-16T19:49:12.799Z;1;2;901;-1.0;-1.0
33.349487732305874;3914.807802186051;1784231353199;2026-07-16T19:49:13.199Z;1;2;914;-1.0;-1.0
33.349487732305874;3914.807802186051;1784231353199;2026-07-16T19:49:13.199Z;1;2;914;-1.0;-1.0
33.37724648663002;3934.8314818526896;1784231353799;2026-07-16T19:49:13.799Z;1;2;934;-1.0;-1.0
33.37724648663002;3934.8314818526896;1784231353799;2026-07-16T19:49:13.799Z;1;2;934;-1.0;-1.0
33.36784996438149;3948.071904390896;1784231354199;2026-07-16T19:49:14.199Z;1;2;948;-1.0;-1.0
33.36784996438149;3948.071904390896;1784231354199;2026-07-16T19:49:14.199Z;1;2;948;-1.0;-1.0
33.353429132576956;3968.088735242918;1784231354799;2026-07-16T19:49:14.799Z;1;2;968;-1.0;-1.0
33.353429132576956;3968.088735242918;1784231354799;2026-07-16T19:49:14.799Z;1;2;968;-1.0;-1.0
33.34460713534436;3981.6778466500373;1784231355199;2026-07-16T19:49:15.199Z;1;2;981;-1.0;-1.0
33.34460713534436;3981.6778466500373;1784231355199;2026-07-16T19:49:15.199Z;1;2;981;-1.0;-1.0
33.329107861888346;4001.680972168387;1784231355799;2026-07-16T19:49:15.799Z;1;3;1;-1.0;-1.0
33.329107861888346;4001.680972168387;1784231355799;2026-07-16T19:49:15.799Z;1;3;1;-1.0;-1.0
33.33468155021183;4014.9555460891024;1784231356199;2026-07-16T19:49:16.199Z;1;3;14;-1.0;-1.0
33.33468155021183;4014.9555460891024;1784231356199;2026-07-16T19:49:16.199Z;1;3;14;-1.0;-1.0
33.338787757526234;4034.9587808521833;1784231356799;2026-07-16T19:49:16.799Z;1;3;34;-1.0;-1.0
33.338787757526234;4034.9587808521833;1784231356799;2026-07-16T19:49:16.799Z;1;3;34;-1.0;-1.0
33.33692112968433;4048.184171753973;1784231357199;2026-07-16T19:49:17.199Z;1;3;48;-1.0;-1.0
33.33692112968433;4048.184171753973;1784231357199;2026-07-16T19:49:17.199Z;1;3;48;-1.0;-1.0
33.340322120307725;4068.186872367794;1784231357799;2026-07-16T19:49:17.799Z;1;3;68;-1.0;-1.0
33.340322120307725;4068.186872367794;1784231357799;2026-07-16T19:49:17.799Z;1;3;68;-1.0;-1.0
33.34606858597428;4088.2673245303095;1784231358399;2026-07-16T19:49:18.399Z;1;3;88;-1.0;-1.0
33.34606858597428;4088.2673245303095;1784231358399;2026-07-16T19:49:18.399Z;1;3;88;-1.0;-1.0
33.34383127687328;4101.605482459;1784231358799;2026-07-16T19:49:18.799Z;1;3;101;-1.0;-1.0
33.34383127687328;4101.605482459;1784231358799;2026-07-16T19:49:18.799Z;1;3;101;-1.0;-1.0
33.34849569949467;4121.700217557382;1784231359399;2026-07-16T19:49:19.399Z;1;3;121;-1.0;-1.0
33.34849569949467;4121.700217557382;1784231359399;2026-07-16T19:49:19.399Z;1;3;121;-1.0;-1.0
33.35081505661509;4135.040027285891;1784231359799;2026-07-16T19:49:19.799Z;1;3;135;-1.0;-1.0
33.35081505661509;4135.040027285891;1784231359799;2026-07-16T19:49:19.799Z;1;3;135;-1.0;-1.0
33.346599817812;4154.806725336467;1784231360399;2026-07-16T19:49:20.399Z;1;3;154;-1.0;-1.0
33.346599817812;4154.806725336467;1784231360399;2026-07-16T19:49:20.399Z;1;3;154;-1.0;-1.0
33.33252696318254;4168.14318995871;1784231360799;2026-07-16T19:49:20.799Z;1;3;168;-1.0;-1.0
33.33252696318254;4168.14318995871;1784231360799;2026-07-16T19:49:20.799Z;1;3;168;-1.0;-1.0
33.308918809436285;4188.170363921334;1784231361399;2026-07-16T19:49:21.399Z;1;3;188;-1.0;-1.0
33.308918809436285;4188.170363921334;1784231361399;2026-07-16T19:49:21.399Z;1;3;188;-1.0;-1.0
33.29515775243314;4201.491513651861;1784231361799;2026-07-16T19:49:21.799Z;1;3;201;-1.0;-1.0
33.29515775243314;4201.491513651861;1784231361799;2026-07-16T19:49:21.799Z;1;3;201;-1.0;-1.0
33.28074525487013;4221.590209318894;1784231362399;2026-07-16T19:49:22.399Z;1;3;221;-1.0;-1.0
33.28074525487013;4221.590209318894;1784231362399;2026-07-16T19:49:22.399Z;1;3;221;-1.0;-1.0
33.26734680847066;4234.9002659328935;1784231362799;2026-07-16T19:49:22.799Z;1;3;234;-1.0;-1.0
33.26734680847066;4234.9002659328935;1784231362799;2026-07-16T19:49:22.799Z;1;3;234;-1.0;-1.0
33.25536966740166;4254.860867130714;1784231363399;2026-07-16T19:49:23.399Z;1;3;254;-1.0;-1.0
33.25536966740166;4254.860867130714;1784231363399;2026-07-16T19:49:23.399Z;1;3;254;-1.0;-1.0
33.2549174983142;4268.1627367086;1784231363799;2026-07-16T19:49:23.799Z;1;3;268;-1.0;-1.0
33.2549174983142;4268.1627367086;1784231363799;2026-07-16T19:49:23.799Z;1;3;268;-1.0;-1.0
33.2696073848688;4288.141025514073;1784231364399;2026-07-16T19:49:24.399Z;1;3;288;-1.0;-1.0
33.2696073848688;4288.141025514073;1784231364399;2026-07-16T19:49:24.399Z;1;3;288;-1.0;-1.0
33.27210064378985;4301.449423865997;1784231364799;2026-07-16T19:49:24.799Z;1;3;301;-1.0;-1.0
33.27210064378985;4301.449423865997;1784231364799;2026-07-16T19:49:24.799Z;1;3;301;-1.0;-1.0
33.27716999154554;4321.4150070610085;1784231365399;2026-07-16T19:49:25.399Z;1;3;321;-1.0;-1.0
33.27716999154554;4321.4150070610085;1784231365399;2026-07-16T19:49:25.399Z;1;3;321;-1.0;-1.0
33.27683988441891;4334.725895283329;1784231365799;2026-07-16T19:49:25.799Z;1;3;334;-1.0;-1.0
33.27683988441891;4334.725895283329;1784231365799;2026-07-16T19:49:25.799Z;1;3;334;-1.0;-1.0
33.275091932999786;4354.594564588851;1784231366399;2026-07-16T19:49:26.399Z;1;3;354;-1.0;-1.0
33.275091932999786;4354.594564588851;1784231366399;2026-07-16T19:49:26.399Z;1;3;354;-1.0;-1.0
33.27389252141306;4367.90440097779;1784231366799;2026-07-16T19:49:26.799Z;1;3;367;-1.0;-1.0
33.27389252141306;4367.90440097779;1784231366799;2026-07-16T19:49:26.799Z;1;3;367;-1.0;-1.0
33.27211904793653;4387.982523866731;1784231367399;2026-07-16T19:49:27.399Z;1;3;387;-1.0;-1.0
33.27211904793653;4387.982523866731;1784231367399;2026-07-16T19:49:27.399Z;1;3;387;-1.0;-1.0
33.27089517324093;4401.291165204151;1784231367799;2026-07-16T19:49:27.799Z;1;3;401;-1.0;-1.0
33.27089517324093;4401.291165204151;1784231367799;2026-07-16T19:49:27.799Z;1;3;401;-1.0;-1.0
33.269079627671;4421.073664691583;1784231368399;2026-07-16T19:49:28.399Z;1;3;421;-1.0;-1.0
33.269079627671;4421.073664691583;1784231368399;2026-07-16T19:49:28.399Z;1;3;421;-1.0;-1.0
33.26783499601166;4434.381094521019;1784231368799;2026-07-16T19:49:28.799Z;1;3;434;-1.0;-1.0
33.26783499601166;4434.381094521019;1784231368799;2026-07-16T19:49:28.799Z;1;3;434;-1.0;-1.0
33.26219073077771;4454.2638957159825;1784231369399;2026-07-16T19:49:29.399Z;1;3;454;-1.0;-1.0
33.26219073077771;4454.2638957159825;1784231369399;2026-07-16T19:49:29.399Z;1;3;454;-1.0;-1.0
33.25954495526016;4467.568294718822;1784231369799;2026-07-16T19:49:29.799Z;1;3;467;-1.0;-1.0
33.25954495526016;4467.568294718822;1784231369799;2026-07-16T19:49:29.799Z;1;3;467;-1.0;-1.0
33.25258841076193;4487.5555571285995;1784231370399;2026-07-16T19:49:30.399Z;1;3;487;-1.0;-1.0
33.25258841076193;4487.5555571285995;1784231370399;2026-07-16T19:49:30.399Z;1;3;487;-1.0;-1.0
33.24590722048991;4500.855485131611;1784231370799;2026-07-16T19:49:30.799Z;1;3;500;-1.0;-1.0
33.24590722048991;4500.855485131611;1784231370799;2026-07-16T19:49:30.799Z;1;3;500;-1.0;-1.0
33.239265046729855;4520.93644797444;1784231371399;2026-07-16T19:49:31.399Z;1;3;520;-1.0;-1.0
33.239265046729855;4520.93644797444;1784231371399;2026-07-16T19:49:31.399Z;1;3;520;-1.0;-1.0
33.2320934168076;4534.230976663429;1784231371799;2026-07-16T19:49:31.799Z;1;3;534;-1.0;-1.0
33.2320934168076;4534.230976663429;1784231371799;2026-07-16T19:49:31.799Z;1;3;534;-1.0;-1.0
33.22260843009659;4554.228820113136;1784231372399;2026-07-16T19:49:32.399Z;1;3;554;-1.0;-1.0
33.22260843009659;4554.228820113136;1784231372399;2026-07-16T19:49:32.399Z;1;3;554;-1.0;-1.0
33.2185085365701;4567.517095325256;1784231372799;2026-07-16T19:49:32.799Z;1;3;567;-1.0;-1.0
33.2185085365701;4567.517095325256;1784231372799;2026-07-16T19:49:32.799Z;1;3;567;-1.0;-1.0
33.217883017571395;4587.283907951949;1784231373399;2026-07-16T19:49:33.399Z;1;3;587;-1.0;-1.0
33.217883017571395;4587.283907951949;1784231373399;2026-07-16T19:49:33.399Z;1;3;587;-1.0;-1.0
33.22206784505281;4600.571687688214;1784231373799;2026-07-16T19:49:33.799Z;1;3;600;-1.0;-1.0
33.22206784505281;4600.571687688214;1784231373799;2026-07-16T19:49:33.799Z;1;3;600;-1.0;-1.0
32.98868477407701;4620.513289961101;1784231374399;2026-07-16T19:49:34.399Z;1;3;620;-1.0;-1.0
32.98868477407701;4620.513289961101;1784231374399;2026-07-16T19:49:34.399Z;1;3;620;-1.0;-1.0
32.708453322261015;4633.662405605013;1784231374799;2026-07-16T19:49:34.799Z;1;3;633;-1.0;-1.0
32.708453322261015;4633.662405605013;1784231374799;2026-07-16T19:49:34.799Z;1;3;633;-1.0;-1.0
32.2832556482976;4653.11909244327;1784231375399;2026-07-16T19:49:35.399Z;1;3;653;-1.0;-1.0
32.2832556482976;4653.11909244327;1784231375399;2026-07-16T19:49:35.399Z;1;3;653;-1.0;-1.0
31.99697323578098;4665.9839712017965;1784231375799;2026-07-16T19:49:35.799Z;1;3;665;-1.0;-1.0
31.99697323578098;4665.9839712017965;1784231375799;2026-07-16T19:49:35.799Z;1;3;665;-1.0;-1.0
31.570139782792904;4685.123406662132;1784231376399;2026-07-16T19:49:36.399Z;1;3;685;-1.0;-1.0
31.570139782792904;4685.123406662132;1784231376399;2026-07-16T19:49:36.399Z;1;3;685;-1.0;-1.0
31.282833803986982;4697.702863038812;1784231376799;2026-07-16T19:49:36.799Z;1;3;697;-1.0;-1.0
31.282833803986982;4697.702863038812;1784231376799;2026-07-16T19:49:36.799Z;1;3;697;-1.0;-1.0
30.854892882297673;4716.114580456756;1784231377399;2026-07-16T19:49:37.399Z;1;3;716;-1.0;-1.0
30.854892882297673;4716.114580456756;1784231377399;2026-07-16T19:49:37.399Z;1;3;716;-1.0;-1.0
30.567605749129065;4728.407935759824;1784231377799;2026-07-16T19:49:37.799Z;1;3;728;-1.0;-1.0
30.567605749129065;4728.407935759824;1784231377799;2026-07-16T19:49:37.799Z;1;3;728;-1.0;-1.0
30.140026499220873;4746.547490087509;1784231378399;2026-07-16T19:49:38.399Z;1;3;746;-1.0;-1.0
30.140026499220873;4746.547490087509;1784231378399;2026-07-16T19:49:38.399Z;1;3;746;-1.0;-1.0
29.853031150906844;4758.554941208088;1784231378799;2026-07-16T19:49:38.799Z;1;3;758;-1.0;-1.0
29.853031150906844;4758.554941208088;1784231378799;2026-07-16T19:49:38.799Z;1;3;758;-1.0;-1.0
29.426260762302952;4776.440422443617;1784231379399;2026-07-16T19:49:39.399Z;1;3;776;-1.0;-1.0
29.426260762302952;4776.440422443617;1784231379399;2026-07-16T19:49:39.399Z;1;3;776;-1.0;-1.0
29.13958405294776;4788.162407883042;1784231379799;2026-07-16T19:49:39.799Z;1;3;788;-1.0;-1.0
29.13958405294776;4788.162407883042;1784231379799;2026-07-16T19:49:39.799Z;1;3;788;-1.0;-1.0
28.713397097155763;4805.529177771254;1784231380399;2026-07-16T19:49:40.399Z;1;3;805;-1.0;-1.0
28.713397097155763;4805.529177771254;1784231380399;2026-07-16T19:49:40.399Z;1;3;805;-1.0;-1.0
28.287785401117567;4822.641254687858;1784231380999;2026-07-16T19:49:40.999Z;1;3;822;-1.0;-1.0
28.287785401117567;4822.641254687858;1784231380999;2026-07-16T19:49:40.999Z;1;3;822;-1.0;-1.0
27.99880455901817;4833.7855546087285;1784231381399;2026-07-16T19:49:41.399Z;1;3;833;-1.0;-1.0
27.99880455901817;4833.7855546087285;1784231381399;2026-07-16T19:49:41.399Z;1;3;833;-1.0;-1.0
27.573851234639108;4850.47024804652;1784231381999;2026-07-16T19:49:41.999Z;1;3;850;-1.0;-1.0
27.573851234639108;4850.47024804652;1784231381999;2026-07-16T19:49:41.999Z;1;3;850;-1.0;-1.0
27.280479653132506;4861.194349455084;1784231382399;2026-07-16T19:49:42.399Z;1;3;861;-1.0;-1.0
27.280479653132506;4861.194349455084;1784231382399;2026-07-16T19:49:42.399Z;1;3;861;-1.0;-1.0
26.847415442689623;4877.445875819842;1784231382999;2026-07-16T19:49:42.999Z;1;3;877;-1.0;-1.0
26.847415442689623;4877.445875819842;1784231382999;2026-07-16T19:49:42.999Z;1;3;877;-1.0;-1.0
26.548554310990312;4888.159214623696;1784231383399;2026-07-16T19:49:43.399Z;1;3;888;-1.0;-1.0
26.548554310990312;4888.159214623696;1784231383399;2026-07-16T19:49:43.399Z;1;3;888;-1.0;-1.0
26.106795628670184;4903.969163372147;1784231383999;2026-07-16T19:49:43.999Z;1;3;903;-1.0;-1.0
26.106795628670184;4903.969163372147;1784231383999;2026-07-16T19:49:43.999Z;1;3;903;-1.0;-1.0
25.802352771952762;4914.437617924931;1784231384399;2026-07-16T19:49:44.399Z;1;3;914;-1.0;-1.0
25.802352771952762;4914.437617924931;1784231384399;2026-07-16T19:49:44.399Z;1;3;914;-1.0;-1.0
25.35502187898541;4929.798098793906;1784231384999;2026-07-16T19:49:44.999Z;1;3;929;-1.0;-1.0
25.35502187898541;4929.798098793906;1784231384999;2026-07-16T19:49:44.999Z;1;3;929;-1.0;-1.0
25.049090707074928;4939.5685620248905;1784231385399;2026-07-16T19:49:45.399Z;1;3;939;-1.0;-1.0
25.049090707074928;4939.5685620248905;1784231385399;2026-07-16T19:49:45.399Z;1;3;939;-1.0;-1.0
24.602270648424547;4954.477241672722;1784231385999;2026-07-16T19:49:45.999Z;1;3;954;-1.0;-1.0
24.602270648424547;4954.477241672722;1784231385999;2026-07-16T19:49:45.999Z;1;3;954;-1.0;-1.0
24.296842575384762;4964.158075157649;1784231386399;2026-07-16T19:49:46.399Z;1;3;964;-1.0;-1.0
24.296842575384762;4964.158075157649;1784231386399;2026-07-16T19:49:46.399Z;1;3;964;-1.0;-1.0
23.85010460404246;4978.615470857396;1784231386999;2026-07-16T19:49:46.999Z;1;3;978;-1.0;-1.0
23.85010460404246;4978.615470857396;1784231386999;2026-07-16T19:49:46.999Z;1;3;978;-1.0;-1.0
23.542722367593203;4988.3044234882245;1784231387399;2026-07-16T19:49:47.399Z;1;3;988;-1.0;-1.0
23.542722367593203;4988.3044234882245;1784231387399;2026-07-16T19:49:47.399Z;1;3;988;-1.0;-1.0
23.086261994195556;5002.30694999161;1784231387999;2026-07-16T19:49:47.999Z;1;4;2;-1.0;-1.0
23.086261994195556;5002.30694999161;1784231387999;2026-07-16T19:49:47.999Z;1;4;2;-1.0;-1.0
22.770092171017968;5011.333961586691;1784231388399;2026-07-16T19:49:48.399Z;1;4;11;-1.0;-1.0
22.770092171017968;5011.333961586691;1784231388399;2026-07-16T19:49:48.399Z;1;4;11;-1.0;-1.0
22.3014773303369;5024.869629999665;1784231388999;2026-07-16T19:49:48.999Z;1;4;24;-1.0;-1.0
22.3014773303369;5024.869629999665;1784231388999;2026-07-16T19:49:48.999Z;1;4;24;-1.0;-1.0
21.976858450248624;5033.46251623302;1784231389399;2026-07-16T19:49:49.399Z;1;4;33;-1.0;-1.0
21.976858450248624;5033.46251623302;1784231389399;2026-07-16T19:49:49.399Z;1;4;33;-1.0;-1.0
21.496366787179124;5046.519006701397;1784231389999;2026-07-16T19:49:49.999Z;1;4;46;-1.0;-1.0
21.496366787179124;5046.519006701397;1784231389999;2026-07-16T19:49:49.999Z;1;4;46;-1.0;-1.0
21.16397935411232;5054.962352649482;1784231390399;2026-07-16T19:49:50.399Z;1;4;54;-1.0;-1.0
21.16397935411232;5054.962352649482;1784231390399;2026-07-16T19:49:50.399Z;1;4;54;-1.0;-1.0
20.67461533693517;5067.528384695115;1784231390999;2026-07-16T19:49:50.999Z;1;4;67;-1.0;-1.0
20.67461533693517;5067.528384695115;1784231390999;2026-07-16T19:49:50.999Z;1;4;67;-1.0;-1.0
20.33989595770233;5075.653501527155;1784231391399;2026-07-16T19:49:51.399Z;1;4;75;-1.0;-1.0
20.33989595770233;5075.653501527155;1784231391399;2026-07-16T19:49:51.399Z;1;4;75;-1.0;-1.0
19.85069061133114;5087.725042215293;1784231391999;2026-07-16T19:49:51.999Z;1;4;87;-1.0;-1.0
19.85069061133114;5087.725042215293;1784231391999;2026-07-16T19:49:51.999Z;1;4;87;-1.0;-1.0
19.516359606381776;5095.478280510641;1784231392399;2026-07-16T19:49:52.399Z;1;4;95;-1.0;-1.0
19.516359606381776;5095.478280510641;1784231392399;2026-07-16T19:49:52.399Z;1;4;95;-1.0;-1.0
19.02753606719011;5107.055879400918;1784231392999;2026-07-16T19:49:52.999Z;1;4;107;-1.0;-1.0
19.02753606719011;5107.055879400918;1784231392999;2026-07-16T19:49:52.999Z;1;4;107;-1.0;-1.0
18.692443861471734;5114.858299993743;1784231393399;2026-07-16T19:49:53.399Z;1;4;114;-1.0;-1.0
18.692443861471734;5114.858299993743;1784231393399;2026-07-16T19:49:53.399Z;1;4;114;-1.0;-1.0
18.199368116490085;5125.940418940203;1784231393999;2026-07-16T19:49:53.999Z;1;4;125;-1.0;-1.0
18.199368116490085;5125.940418940203;1784231393999;2026-07-16T19:49:53.999Z;1;4;125;-1.0;-1.0
17.860656305661582;5132.814207167811;1784231394399;2026-07-16T19:49:54.399Z;1;4;132;-1.0;-1.0
17.860656305661582;5132.814207167811;1784231394399;2026-07-16T19:49:54.399Z;1;4;132;-1.0;-1.0
17.363632705310366;5143.39624097308;1784231394999;2026-07-16T19:49:54.999Z;1;4;143;-1.0;-1.0
17.363632705310366;5143.39624097308;1784231394999;2026-07-16T19:49:54.999Z;1;4;143;-1.0;-1.0
17.022355528450287;5150.1686106745465;1784231395399;2026-07-16T19:49:55.399Z;1;4;150;-1.0;-1.0
17.022355528450287;5150.1686106745465;1784231395399;2026-07-16T19:49:55.399Z;1;4;150;-1.0;-1.0
16.522213492292753;5160.246701110404;1784231395999;2026-07-16T19:49:55.999Z;1;4;160;-1.0;-1.0
16.522213492292753;5160.246701110404;1784231395999;2026-07-16T19:49:55.999Z;1;4;160;-1.0;-1.0
16.179562344837223;5166.662954013594;1784231396399;2026-07-16T19:49:56.399Z;1;4;166;-1.0;-1.0
16.179562344837223;5166.662954013594;1784231396399;2026-07-16T19:49:56.399Z;1;4;166;-1.0;-1.0
15.677681487892555;5176.234907118114;1784231396999;2026-07-16T19:49:56.999Z;1;4;176;-1.0;-1.0
15.677681487892555;5176.234907118114;1784231396999;2026-07-16T19:49:56.999Z;1;4;176;-1.0;-1.0
15.334171643879936;5182.648650390347;1784231397399;2026-07-16T19:49:57.399Z;1;4;182;-1.0;-1.0
15.334171643879936;5182.648650390347;1784231397399;2026-07-16T19:49:57.399Z;1;4;182;-1.0;-1.0
14.831373847714744;5191.712954275751;1784231397999;2026-07-16T19:49:57.999Z;1;4;191;-1.0;-1.0
14.831373847714744;5191.712954275751;1784231397999;2026-07-16T19:49:57.999Z;1;4;191;-1.0;-1.0
14.488164982773844;5197.026034649173;1784231398399;2026-07-16T19:49:58.399Z;1;4;197;-1.0;-1.0
14.488164982773844;5197.026034649173;1784231398399;2026-07-16T19:49:58.399Z;1;4;197;-1.0;-1.0
13.988428478459035;5205.583611896738;1784231398999;2026-07-16T19:49:58.999Z;1;4;205;-1.0;-1.0
13.988428478459035;5205.583611896738;1784231398999;2026-07-16T19:49:58.999Z;1;4;205;-1.0;-1.0
13.71028514176697;5211.405140838351;1784231399399;2026-07-16T19:49:59.399Z;1;4;211;-1.0;-1.0
13.71028514176697;5211.405140838351;1784231399399;2026-07-16T19:49:59.399Z;1;4;211;-1.0;-1.0
13.324266535259765;5219.5268354012105;1784231399999;2026-07-16T19:49:59.999Z;1;4;219;-1.0;-1.0
13.324266535259765;5219.5268354012105;1784231399999;2026-07-16T19:49:59.999Z;1;4;219;-1.0;-1.0
13.061782608573697;5224.667268705225;1784231400399;2026-07-16T19:50:00.399Z;1;4;224;-1.0;-1.0
13.061782608573697;5224.667268705225;1784231400399;2026-07-16T19:50:00.399Z;1;4;224;-1.0;-1.0
12.678694923134458;5232.400926578909;1784231400999;2026-07-16T19:50:00.999Z;1;4;232;-1.0;-1.0
12.678694923134458;5232.400926578909;1784231400999;2026-07-16T19:50:00.999Z;1;4;232;-1.0;-1.0
12.416984836754455;5237.367240194103;1784231401399;2026-07-16T19:50:01.399Z;1;4;237;-1.0;-1.0
12.416984836754455;5237.367240194103;1784231401399;2026-07-16T19:50:01.399Z;1;4;237;-1.0;-1.0
12.034240099512626;5244.714111166389;1784231401999;2026-07-16T19:50:01.999Z;1;4;244;-1.0;-1.0
12.034240099512626;5244.714111166389;1784231401999;2026-07-16T19:50:01.999Z;1;4;244;-1.0;-1.0
11.772896610271026;5249.584658788174;1784231402399;2026-07-16T19:50:02.399Z;1;4;249;-1.0;-1.0
11.772896610271026;5249.584658788174;1784231402399;2026-07-16T19:50:02.399Z;1;4;249;-1.0;-1.0
11.390380958419694;5256.545133152205;1784231402999;2026-07-16T19:50:02.999Z;1;4;256;-1.0;-1.0
11.390380958419694;5256.545133152205;1784231402999;2026-07-16T19:50:02.999Z;1;4;256;-1.0;-1.0
11.129133857716255;5260.990377394406;1784231403399;2026-07-16T19:50:03.399Z;1;4;260;-1.0;-1.0
11.129133857716255;5260.990377394406;1784231403399;2026-07-16T19:50:03.399Z;1;4;260;-1.0;-1.0
10.747081439442791;5267.564733092742;1784231403999;2026-07-16T19:50:03.999Z;1;4;267;-1.0;-1.0
10.747081439442791;5267.564733092742;1784231403999;2026-07-16T19:50:03.999Z;1;4;267;-1.0;-1.0
10.485905033935525;5271.559196805778;1784231404399;2026-07-16T19:50:04.399Z;1;4;271;-1.0;-1.0
10.485905033935525;5271.559196805778;1784231404399;2026-07-16T19:50:04.399Z;1;4;271;-1.0;-1.0
10.104355727223655;5277.7477662057745;1784231404999;2026-07-16T19:50:04.999Z;1;4;277;-1.0;-1.0
10.104355727223655;5277.7477662057745;1784231404999;2026-07-16T19:50:04.999Z;1;4;277;-1.0;-1.0
9.843866456409295;5281.946324312321;1784231405399;2026-07-16T19:50:05.399Z;1;4;281;-1.0;-1.0
9.843866456409295;5281.946324312321;1784231405399;2026-07-16T19:50:05.399Z;1;4;281;-1.0;-1.0
9.462473041797237;5287.749667557794;1784231405999;2026-07-16T19:50:05.999Z;1;4;287;-1.0;-1.0
9.462473041797237;5287.749667557794;1784231405999;2026-07-16T19:50:05.999Z;1;4;287;-1.0;-1.0
9.077671743680252;5293.056053454761;1784231406599;2026-07-16T19:50:06.599Z;1;4;293;-1.0;-1.0
9.077671743680252;5293.056053454761;1784231406599;2026-07-16T19:50:06.599Z;1;4;293;-1.0;-1.0
8.818935763696079;5296.642224290645;1784231406999;2026-07-16T19:50:06.999Z;1;4;296;-1.0;-1.0
8.818935763696079;5296.642224290645;1784231406999;2026-07-16T19:50:06.999Z;1;4;296;-1.0;-1.0
8.437093859061404;5301.64027500868;1784231407599;2026-07-16T19:50:07.599Z;1;4;301;17.996501922607422;59.254032135009766
8.437093859061404;5301.64027500868;1784231407599;2026-07-16T19:50:07.599Z;1;4;301;17.996501922607422;59.254032135009766
8.178739223070108;5304.97029063878;1784231407999;2026-07-16T19:50:07.999Z;1;4;304;-1.0;-1.0
8.178739223070108;5304.97029063878;1784231407999;2026-07-16T19:50:07.999Z;1;4;304;-1.0;-1.0
7.797875999803064;5309.783406196448;1784231408599;2026-07-16T19:50:08.599Z;1;4;309;-1.0;-1.0
7.797875999803064;5309.783406196448;1784231408599;2026-07-16T19:50:08.599Z;1;4;309;-1.0;-1.0
7.5404318768311445;5312.857887136393;1784231408999;2026-07-16T19:50:08.999Z;1;4;312;-1.0;-1.0
7.5404318768311445;5312.857887136393;1784231408999;2026-07-16T19:50:08.999Z;1;4;312;-1.0;-1.0
7.161023901918472;5317.152038317479;1784231409599;2026-07-16T19:50:09.599Z;1;4;317;-1.0;-1.0
7.161023901918472;5317.152038317479;1784231409599;2026-07-16T19:50:09.599Z;1;4;317;-1.0;-1.0
6.904583417826507;5319.97195451418;1784231409999;2026-07-16T19:50:09.999Z;1;4;319;-1.0;-1.0
6.904583417826507;5319.97195451418;1784231409999;2026-07-16T19:50:09.999Z;1;4;319;-1.0;-1.0
6.526576545049923;5323.978119641934;1784231410599;2026-07-16T19:50:10.599Z;1;4;323;-1.0;-1.0
6.526576545049923;5323.978119641934;1784231410599;2026-07-16T19:50:10.599Z;1;4;323;-1.0;-1.0
6.271018563236602;5326.544418710786;1784231410999;2026-07-16T19:50:10.999Z;1;4;326;-1.0;-1.0
6.271018563236602;5326.544418710786;1784231410999;2026-07-16T19:50:10.999Z;1;4;326;-1.0;-1.0
5.894288371924263;5330.352385318632;1784231411599;2026-07-16T19:50:11.599Z;1;4;330;-1.0;-1.0
5.894288371924263;5330.352385318632;1784231411599;2026-07-16T19:50:11.599Z;1;4;330;-1.0;-1.0
5.6395010260006275;5332.665898929162;1784231411999;2026-07-16T19:50:11.999Z;1;4;332;-1.0;-1.0
5.6395010260006275;5332.665898929162;1784231411999;2026-07-16T19:50:11.999Z;1;4;332;-1.0;-1.0
5.263870074267657;5335.915801998858;1784231412599;2026-07-16T19:50:12.599Z;1;4;335;-1.0;-1.0
5.263870074267657;5335.915801998858;1784231412599;2026-07-16T19:50:12.599Z;1;4;335;-1.0;-1.0
5.00985948575543;5337.9772879189695;1784231412999;2026-07-16T19:50:12.999Z;1;4;337;-1.0;-1.0
5.00985948575543;5337.9772879189695;1784231412999;2026-07-16T19:50:12.999Z;1;4;337;-1.0;-1.0
4.635237201686159;5340.640858578481;1784231413599;2026-07-16T19:50:13.599Z;1;4;340;-1.0;-1.0
4.635237201686159;5340.640858578481;1784231413599;2026-07-16T19:50:13.599Z;1;4;340;-1.0;-1.0
4.381917552190192;5342.451018791716;1784231413999;2026-07-16T19:50:13.999Z;1;4;342;-1.0;-1.0
4.381917552190192;5342.451018791716;1784231413999;2026-07-16T19:50:13.999Z;1;4;342;-1.0;-1.0
4.008219533771777;5344.8451247537205;1784231414599;2026-07-16T19:50:14.599Z;1;4;344;-1.0;-1.0
4.008219533771777;5344.8451247537205;1784231414599;2026-07-16T19:50:14.599Z;1;4;344;-1.0;-1.0
3.7554623823155784;5346.40457559381;1784231414999;2026-07-16T19:50:14.999Z;1;4;346;-1.0;-1.0
3.7554623823155784;5346.40457559381;1784231414999;2026-07-16T19:50:14.999Z;1;4;346;-1.0;-1.0
3.3826019969357697;5348.543789409;1784231415599;2026-07-16T19:50:15.599Z;1;4;348;-1.0;-1.0
3.3826019969357697;5348.543789409;1784231415599;2026-07-16T19:50:15.599Z;1;4;348;-1.0;-1.0
3.130323577909495;5349.853079710616;1784231415999;2026-07-16T19:50:15.999Z;1;4;349;-1.0;-1.0
3.130323577909495;5349.853079710616;1784231415999;2026-07-16T19:50:15.999Z;1;4;349;-1.0;-1.0
2.75812114534145;5351.476704452645;1784231416599;2026-07-16T19:50:16.599Z;1;4;351;-1.0;-1.0
2.75812114534145;5351.476704452645;1784231416599;2026-07-16T19:50:16.599Z;1;4;351;-1.0;-1.0
2.506305513215236;5352.536284113609;1784231416999;2026-07-16T19:50:16.999Z;1;4;352;-1.0;-1.0
2.506305513215236;5352.536284113609;1784231416999;2026-07-16T19:50:16.999Z;1;4;352;-1.0;-1.0
2.1346819578697014;5353.870641890423;1784231417599;2026-07-16T19:50:17.599Z;1;4;353;-1.0;-1.0
2.1346819578697014;5353.870641890423;1784231417599;2026-07-16T19:50:17.599Z;1;4;353;-1.0;-1.0
1.8832013338113096;5354.680907466918;1784231417999;2026-07-16T19:50:17.999Z;1;4;354;-1.0;-1.0
1.8832013338113096;5354.680907466918;1784231417999;2026-07-16T19:50:17.999Z;1;4;354;-1.0;-1.0
1.5120662245693333;5355.813781452168;1784231418599;2026-07-16T19:50:18.599Z;1;4;355;-1.0;-1.0
1.5120662245693333;5355.813781452168;1784231418599;2026-07-16T19:50:18.599Z;1;4;355;-1.0;-1.0
1.2607919388876987;5356.375033892624;1784231418999;2026-07-16T19:50:18.999Z;1;4;356;-1.0;-1.0
1.2607919388876987;5356.375033892624;1784231418999;2026-07-16T19:50:18.999Z;1;4;356;-1.0;-1.0
0.8899171652698062;5356.940070500441;1784231419599;2026-07-16T19:50:19.599Z;1;4;356;-1.0;-1.0
0.8899171652698062;5356.940070500441;1784231419599;2026-07-16T19:50:19.599Z;1;4;356;-1.0;-1.0
0.6388779973983582;5357.25250855743;1784231419999;2026-07-16T19:50:19.999Z;1;4;357;-1.0;-1.0
0.6388779973983582;5357.25250855743;1784231419999;2026-07-16T19:50:19.999Z;1;4;357;-1.0;-1.0
0.2682823042571065;5357.550246083205;1784231420599;2026-07-16T19:50:20.599Z;1;4;357;-1.0;-1.0
0.2682823042571065;5357.550246083205;1784231420599;2026-07-16T19:50:20.599Z;1;4;357;-1.0;-1.0
0.03768766102763613;5357.6153747342905;1784231420999;2026-07-16T19:50:20.999Z;1;4;357;-1.0;-1.0
0.03768766102763613;5357.6153747342905;1784231420999;2026-07-16T19:50:20.999Z;1;4;357;-1.0;-1.0
9.580100186916242E-4;5357.419347575812;1784231421599;2026-07-16T19:50:21.599Z;1;4;357;-1.0;-1.0
9.580100186916242E-4;5357.419347575812;1784231421599;2026-07-16T19:50:21.599Z;1;4;357;-1.0;-1.0
2.9550365100158504E-5;5357.419387355742;1784231421999;2026-07-16T19:50:21.999Z;1;4;357;-1.0;-1.0
-3.258954402526559E-6;5357.391557496884;1784231422599;2026-07-16T19:50:22.599Z;1;4;357;-1.0;-1.0
-9.017413310666477E-6;5357.388077824456;1784231423199;2026-07-16T19:50:23.199Z;1;4;357;-1.0;-1.0
-9.017413310666477E-6;5357.388077824456;1784231423199;2026-07-16T19:50:23.199Z;1;4;357;-1.0;-1.0
-2.914952480576316E-7;5357.38807576294;1784231423799;2026-07-16T19:50:23.799Z;1;4;357;-1.0;-1.0
-2.914952480576316E-7;5357.38807576294;1784231423799;2026-07-16T19:50:23.799Z;1;4;357;-1.0;-1.0
-1.107527053878344E-6;5357.387648882228;1784231424199;2026-07-16T19:50:24.199Z;1;4;357;-1.0;-1.0
-1.107527053878344E-6;5357.387648882228;1784231424199;2026-07-16T19:50:24.199Z;1;4;357;-1.0;-1.0
-3.5818871051358565E-8;5357.38764862855;1784231424799;2026-07-16T19:50:24.799Z;1;4;357;-1.0;-1.0
-3.5818871051358565E-8;5357.38764862855;1784231424799;2026-07-16T19:50:24.799Z;1;4;357;-1.0;-1.0
-1.3514354423802573E-7;5357.3875965954685;1784231425199;2026-07-16T19:50:25.199Z;1;4;357;-1.0;-1.0
-1.3514354423802573E-7;5357.3875965954685;1784231425199;2026-07-16T19:50:25.199Z;1;4;357;-1.0;-1.0
-4.370234164452127E-9;5357.387596564517;1784231425799;2026-07-16T19:50:25.799Z;1;4;357;-1.0;-1.0
-4.370234164452127E-9;5357.387596564517;1784231425799;2026-07-16T19:50:25.799Z;1;4;357;-1.0;-1.0
-1.6440918195409093E-8;5357.387590236834;1784231426199;2026-07-16T19:50:26.199Z;1;4;357;-1.0;-1.0
-1.6440918195409093E-8;5357.387590236834;1784231426199;2026-07-16T19:50:26.199Z;1;4;357;-1.0;-1.0
-5.3164070479841E-10;5357.387590233067;1784231426799;2026-07-16T19:50:26.799Z;1;4;357;-1.0;-1.0
-5.3164070479841E-10;5357.387590233067;1784231426799;2026-07-16T19:50:26.799Z;1;4;357;-1.0;-1.0
-1.9980030850126744E-9;5357.38758946419;1784231427199;2026-07-16T19:50:27.199Z;1;4;357;-1.0;-1.0
-1.9980030850126744E-9;5357.38758946419;1784231427199;2026-07-16T19:50:27.199Z;1;4;357;-1.0;-1.0
-6.460740327080951E-11;5357.38758946373;1784231427799;2026-07-16T19:50:27.799Z;1;4;357;-1.0;-1.0
-6.460740327080951E-11;5357.38758946373;1784231427799;2026-07-16T19:50:27.799Z;1;4;357;-1.0;-1.0
-2.4271510038561005E-10;5357.387589370332;1784231428199;2026-07-16T19:50:28.199Z;1;4;357;-1.0;-1.0
-2.4271510038561005E-10;5357.387589370332;1784231428199;2026-07-16T19:50:28.199Z;1;4;357;-1.0;-1.0
-7.848394221569463E-12;5357.387589370277;1784231428799;2026-07-16T19:50:28.799Z;1;4;357;-1.0;-1.0
-7.848394221569463E-12;5357.387589370277;1784231428799;2026-07-16T19:50:28.799Z;1;4;357;-1.0;-1.0
-2.948236295894238E-11;5357.387589358932;1784231429199;2026-07-16T19:50:29.199Z;1;4;357;-1.0;-1.0
-2.948236295894238E-11;5357.387589358932;1784231429199;2026-07-16T19:50:29.199Z;1;4;357;-1.0;-1.0
-9.533351623881292E-13;5357.387589358925;1784231429799;2026-07-16T19:50:29.799Z;1;4;357;-1.0;-1.0
-9.533351623881292E-13;5357.387589358925;1784231429799;2026-07-16T19:50:29.799Z;1;4;357;-1.0;-1.0
-3.5800057777409847E-12;5357.387589357547;1784231430199;2026-07-16T19:50:30.199Z;1;4;357;-1.0;-1.0
-3.5800057777409847E-12;5357.387589357547;1784231430199;2026-07-16T19:50:30.199Z;1;4;357;-1.0;-1.0
-1.1576213850155737E-13;5357.387589357546;1784231430799;2026-07-16T19:50:30.799Z;1;4;357;-1.0;-1.0
-1.1576213850155737E-13;5357.387589357546;1784231430799;2026-07-16T19:50:30.799Z;1;4;357;-1.0;-1.0
-4.337603893721755E-13;5357.387589357379;1784231431199;2026-07-16T19:50:31.199Z;1;4;357;-1.0;-1.0
-4.337603893721755E-13;5357.387589357379;1784231431199;2026-07-16T19:50:31.199Z;1;4;357;-1.0;-1.0
-1.4025897976068001E-14;5357.387589357379;1784231431799;2026-07-16T19:50:31.799Z;1;4;357;-1.0;-1.0
-1.4025897976068001E-14;5357.387589357379;1784231431799;2026-07-16T19:50:31.799Z;1;4;357;-1.0;-1.0
-5.189078977069445E-14;5357.387589357359;1784231432199;2026-07-16T19:50:32.199Z;1;4;357;-1.0;-1.0
-5.189078977069445E-14;5357.387589357359;1784231432199;2026-07-16T19:50:32.199Z;1;4;357;-1.0;-1.0
-1.6778752170224191E-15;5357.387589357359;1784231432799;2026-07-16T19:50:32.799Z;1;4;357;-1.0;-1.0
-1.6778752170224191E-15;5357.387589357359;1784231432799;2026-07-16T19:50:32.799Z;1;4;357;-1.0;-1.0
-6.2267337710360775E-15;5357.387589357356;1784231433199;2026-07-16T19:50:33.199Z;1;4;357;-1.0;-1.0
-6.2267337710360775E-15;5357.387589357356;1784231433199;2026-07-16T19:50:33.199Z;1;4;357;-1.0;-1.0
-2.0134110293464284E-16;5357.387589357356;1784231433799;2026-07-16T19:50:33.799Z;1;4;357;-1.0;-1.0
-2.0134110293464284E-16;5357.387589357356;1784231433799;2026-07-16T19:50:33.799Z;1;4;357;-1.0;-1.0
-6.233491432475192E-18;5357.387589357356;1784231434199;2026-07-16T19:50:34.199Z;1;4;357;-1.0;-1.0
-6.233491432475192E-18;5357.387589357356;1784231434199;2026-07-16T19:50:34.199Z;1;4;357;-1.0;-1.0
-1.520364623650568E-19;5357.387589357356;1784231434799;2026-07-16T19:50:34.799Z;1;4;357;-1.0;-1.0
-1.520364623650568E-19;5357.387589357356;1784231434799;2026-07-16T19:50:34.799Z;1;4;357;-1.0;-1.0
-3.826980011958051E-21;5357.387589357356;1784231435199;2026-07-16T19:50:35.199Z;1;4;357;-1.0;-1.0
-3.826980011958051E-21;5357.387589357356;1784231435199;2026-07-16T19:50:35.199Z;1;4;357;-1.0;-1.0
-8.629051124190027E-23;5357.387589357356;1784231435799;2026-07-16T19:50:35.799Z;1;4;357;-1.0;-1.0
-8.629051124190027E-23;5357.387589357356;1784231435799;2026-07-16T19:50:35.799Z;1;4;357;-1.0;-1.0
-2.0059565267691424E-24;5357.387589357356;1784231436199;2026-07-16T19:50:36.199Z;1;4;357;-1.0;-1.0
-2.0059565267691424E-24;5357.387589357356;1784231436199;2026-07-16T19:50:36.199Z;1;4;357;-1.0;-1.0
-4.359344405042041E-26;5357.387589357356;1784231436799;2026-07-16T19:50:36.799Z;1;4;357;-1.0;-1.0
-4.359344405042041E-26;5357.387589357356;1784231436799;2026-07-16T19:50:36.799Z;1;4;357;-1.0;-1.0
-9.71686844962035E-28;5357.387589357356;1784231437199;2026-07-16T19:50:37.199Z;1;4;357;-1.0;-1.0
-9.71686844962035E-28;5357.387589357356;1784231437199;2026-07-16T19:50:37.199Z;1;4;357;-1.0;-1.0
-2.0671657581459145E-29;5357.387589357356;1784231437799;2026-07-16T19:50:37.799Z;1;4;357;-1.0;-1.0
-2.0671657581459145E-29;5357.387589357356;1784231437799;2026-07-16T19:50:37.799Z;1;4;357;-1.0;-1.0
-4.489989465697677E-31;5357.387589357356;1784231438199;2026-07-16T19:50:38.199Z;1;4;357;-1.0;-1.0
-4.489989465697677E-31;5357.387589357356;1784231438199;2026-07-16T19:50:38.199Z;1;4;357;-1.0;-1.0
-9.421058185996703E-33;5357.387589357356;1784231438799;2026-07-16T19:50:38.799Z;1;4;357;-1.0;-1.0
-9.421058185996703E-33;5357.387589357356;1784231438799;2026-07-16T19:50:38.799Z;1;4;357;-1.0;-1.0
-2.0109348961854063E-34;5357.387589357356;1784231439199;2026-07-16T19:50:39.199Z;1;4;357;-1.0;-1.0
-2.0109348961854063E-34;5357.387589357356;1784231439199;2026-07-16T19:50:39.199Z;1;4;357;-1.0;-1.0
-4.179029222400717E-36;5357.387589357356;1784231439799;2026-07-16T19:50:39.799Z;1;4;357;-1.0;-1.0
-4.179029222400717E-36;5357.387589357356;1784231439799;2026-07-16T19:50:39.799Z;1;4;357;-1.0;-1.0
-8.809581724257912E-38;5357.387589357356;1784231440199;2026-07-16T19:50:40.199Z;1;4;357;-1.0;-1.0
-8.809581724257912E-38;5357.387589357356;1784231440199;2026-07-16T19:50:40.199Z;1;4;357;-1.0;-1.0
-1.8179132800727767E-39;5357.387589357356;1784231440799;2026-07-16T19:50:40.799Z;1;4;357;-1.0;-1.0
-1.8179132800727767E-39;5357.387589357356;1784231440799;2026-07-16T19:50:40.799Z;1;4;357;-1.0;-1.0
-3.796707264699996E-41;5357.387589357356;1784231441199;2026-07-16T19:50:41.199Z;1;4;357;-1.0;-1.0
-3.796707264699996E-41;5357.387589357356;1784231441199;2026-07-16T19:50:41.199Z;1;4;357;-1.0;-1.0
-7.792935280625037E-43;5357.387589357356;1784231441799;2026-07-16T19:50:41.799Z;1;4;357;-1.0;-1.0
-7.792935280625037E-43;5357.387589357356;1784231441799;2026-07-16T19:50:41.799Z;1;4;357;-1.0;-1.0
-1.6159099058551255E-44;5357.387589357356;1784231442199;2026-07-16T19:50:42.199Z;1;4;357;-1.0;-1.0
-1.6159099058551255E-44;5357.387589357356;1784231442199;2026-07-16T19:50:42.199Z;1;4;357;-1.0;-1.0
-3.302910363384477E-46;5357.387589357356;1784231442799;2026-07-16T19:50:42.799Z;1;4;357;-1.0;-1.0
-3.302910363384477E-46;5357.387589357356;1784231442799;2026-07-16T19:50:42.799Z;1;4;357;-1.0;-1.0
-6.810065798313239E-48;5357.387589357356;1784231443199;2026-07-16T19:50:43.199Z;1;4;357;-1.0;-1.0
-6.810065798313239E-48;5357.387589357356;1784231443199;2026-07-16T19:50:43.199Z;1;4;357;-1.0;-1.0
-1.3873431892776901E-49;5357.387589357356;1784231443799;2026-07-16T19:50:43.799Z;1;4;357;-1.0;-1.0
-1.3873431892776901E-49;5357.387589357356;1784231443799;2026-07-16T19:50:43.799Z;1;4;357;-1.0;-1.0
-2.847460236530923E-51;5357.387589357356;1784231444199;2026-07-16T19:50:44.199Z;1;4;357;-1.0;-1.0
-2.847460236530923E-51;5357.387589357356;1784231444199;2026-07-16T19:50:44.199Z;1;4;357;-1.0;-1.0
-5.785173029159469E-53;5357.387589357356;1784231444799;2026-07-16T19:50:44.799Z;1;4;357;-1.0;-1.0
-5.785173029159469E-53;5357.387589357356;1784231444799;2026-07-16T19:50:44.799Z;1;4;357;-1.0;-1.0
-1.1633506923895837E-54;5357.387589357356;1784231445399;2026-07-16T19:50:45.399Z;1;4;357;-1.0;-1.0
-1.1633506923895837E-54;5357.387589357356;1784231445399;2026-07-16T19:50:45.399Z;1;4;357;-1.0;-1.0
-2.3588589621920166E-56;5357.387589357356;1784231445799;2026-07-16T19:50:45.799Z;1;4;357;-1.0;-1.0
-2.3588589621920166E-56;5357.387589357356;1784231445799;2026-07-16T19:50:45.799Z;1;4;357;-1.0;-1.0
-4.8101075112517266E-58;5357.387589357356;1784231446199;2026-07-16T19:50:46.199Z;1;4;357;-1.0;-1.0
-4.8101075112517266E-58;5357.387589357356;1784231446199;2026-07-16T19:50:46.199Z;1;4;357;-1.0;-1.0
-9.734794579003195E-60;5357.387589357356;1784231446799;2026-07-16T19:50:46.799Z;1;4;357;-1.0;-1.0
-9.734794579003195E-60;5357.387589357356;1784231446799;2026-07-16T19:50:46.799Z;1;4;357;-1.0;-1.0
-1.9549774631735388E-61;5357.387589357356;1784231447399;2026-07-16T19:50:47.399Z;1;4;357;-1.0;-1.0
-1.9549774631735388E-61;5357.387589357356;1784231447399;2026-07-16T19:50:47.399Z;1;4;357;-1.0;-1.0
-3.9507803734854926E-63;5357.387589357356;1784231447799;2026-07-16T19:50:47.799Z;1;4;357;-1.0;-1.0
-3.9507803734854926E-63;5357.387589357356;1784231447799;2026-07-16T19:50:47.799Z;1;4;357;-1.0;-1.0
-7.930131356938387E-65;5357.387589357356;1784231448399;2026-07-16T19:50:48.399Z;1;4;357;-1.0;-1.0
-7.930131356938387E-65;5357.387589357356;1784231448399;2026-07-16T19:50:48.399Z;1;4;357;-1.0;-1.0
-1.6005726458454563E-66;5357.387589357356;1784231448799;2026-07-16T19:50:48.799Z;1;4;357;-1.0;-1.0
-1.6005726458454563E-66;5357.387589357356;1784231448799;2026-07-16T19:50:48.799Z;1;4;357;-1.0;-1.0
-3.21132518732473E-68;5357.387589357356;1784231449399;2026-07-16T19:50:49.399Z;1;4;357;-1.0;-1.0
-3.21132518732473E-68;5357.387589357356;1784231449399;2026-07-16T19:50:49.399Z;1;4;357;-1.0;-1.0
-6.474480060469809E-70;5357.387589357356;1784231449799;2026-07-16T19:50:49.799Z;1;4;357;-1.0;-1.0
-6.474480060469809E-70;5357.387589357356;1784231449799;2026-07-16T19:50:49.799Z;1;4;357;-1.0;-1.0
-1.2985231756453755E-71;5357.387589357356;1784231450399;2026-07-16T19:50:50.399Z;1;4;357;-1.0;-1.0
-1.2985231756453755E-71;5357.387589357356;1784231450399;2026-07-16T19:50:50.399Z;1;4;357;-1.0;-1.0
-2.6155136081321935E-73;5357.387589357356;1784231450799;2026-07-16T19:50:50.799Z;1;4;357;-1.0;-1.0
-2.6155136081321935E-73;5357.387589357356;1784231450799;2026-07-16T19:50:50.799Z;1;4;357;-1.0;-1.0
-5.243951037786681E-75;5357.387589357356;1784231451399;2026-07-16T19:50:51.399Z;1;4;357;-1.0;-1.0
-5.243951037786681E-75;5357.387589357356;1784231451399;2026-07-16T19:50:51.399Z;1;4;357;-1.0;-1.0
-1.055370212237085E-76;5357.387589357356;1784231451799;2026-07-16T19:50:51.799Z;1;4;357;-1.0;-1.0
-1.055370212237085E-76;5357.387589357356;1784231451799;2026-07-16T19:50:51.799Z;1;4;357;-1.0;-1.0
-2.1153452668082032E-78;5357.387589357356;1784231452399;2026-07-16T19:50:52.399Z;1;4;357;-1.0;-1.0
-2.1153452668082032E-78;5357.387589357356;1784231452399;2026-07-16T19:50:52.399Z;1;4;357;-1.0;-1.0
-4.2541355216605186E-80;5357.387589357356;1784231452799;2026-07-16T19:50:52.799Z;1;4;357;-1.0;-1.0
-4.2541355216605186E-80;5357.387589357356;1784231452799;2026-07-16T19:50:52.799Z;1;4;357;-1.0;-1.0
-8.524678398440205E-82;5357.387589357356;1784231453399;2026-07-16T19:50:53.399Z;1;4;357;-1.0;-1.0
-8.524678398440205E-82;5357.387589357356;1784231453399;2026-07-16T19:50:53.399Z;1;4;357;-1.0;-1.0
-1.7132892826281765E-83;5357.387589357356;1784231453799;2026-07-16T19:50:53.799Z;1;4;357;-1.0;-1.0
-1.7132892826281765E-83;5357.387589357356;1784231453799;2026-07-16T19:50:53.799Z;1;4;357;-1.0;-1.0
-3.4324246134482074E-85;5357.387589357356;1784231454399;2026-07-16T19:50:54.399Z;1;4;357;-1.0;-1.0
-3.4324246134482074E-85;5357.387589357356;1784231454399;2026-07-16T19:50:54.399Z;1;4;357;-1.0;-1.0
-6.894613661815359E-87;5357.387589357356;1784231454799;2026-07-16T19:50:54.799Z;1;4;357;-1.0;-1.0
-6.894613661815359E-87;5357.387589357356;1784231454799;2026-07-16T19:50:54.799Z;1;4;357;-1.0;-1.0
-1.3810057176591943E-88;5357.387589357356;1784231455399;2026-07-16T19:50:55.399Z;1;4;357;-1.0;-1.0
-1.3810057176591943E-88;5357.387589357356;1784231455399;2026-07-16T19:50:55.399Z;1;4;357;-1.0;-1.0
-2.772616698608886E-90;5357.387589357356;1784231455799;2026-07-16T19:50:55.799Z;1;4;357;-1.0;-1.0
-2.772616698608886E-90;5357.387589357356;1784231455799;2026-07-16T19:50:55.799Z;1;4;357;-1.0;-1.0
-5.552655210383644E-92;5357.387589357356;1784231456399;2026-07-16T19:50:56.399Z;1;4;357;-1.0;-1.0
-5.552655210383644E-92;5357.387589357356;1784231456399;2026-07-16T19:50:56.399Z;1;4;357;-1.0;-1.0
-1.1143097669128313E-93;5357.387589357356;1784231456799;2026-07-16T19:50:56.799Z;1;4;357;-1.0;-1.0
-1.1143097669128313E-93;5357.387589357356;1784231456799;2026-07-16T19:50:56.799Z;1;4;357;-1.0;-1.0
-2.231263974512385E-95;5357.387589357356;1784231457399;2026-07-16T19:50:57.399Z;1;4;357;-1.0;-1.0
-2.231263974512385E-95;5357.387589357356;1784231457399;2026-07-16T19:50:57.399Z;1;4;357;-1.0;-1.0
-4.4759917933404236E-97;5357.387589357356;1784231457799;2026-07-16T19:50:57.799Z;1;4;357;-1.0;-1.0
-4.4759917933404236E-97;5357.387589357356;1784231457799;2026-07-16T19:50:57.799Z;1;4;357;-1.0;-1.0
-8.961405902211166E-99;5357.387589357356;1784231458399;2026-07-16T19:50:58.399Z;1;4;357;-1.0;-1.0
-8.961405902211166E-99;5357.387589357356;1784231458399;2026-07-16T19:50:58.399Z;1;4;357;-1.0;-1.0
-1.7970784364378072E-100;5357.387589357356;1784231458799;2026-07-16T19:50:58.799Z;1;4;357;-1.0;-1.0
-1.7970784364378072E-100;5357.387589357356;1784231458799;2026-07-16T19:50:58.799Z;1;4;357;-1.0;-1.0
-3.597514105669629E-102;5357.387589357356;1784231459399;2026-07-16T19:50:59.399Z;1;4;357;-1.0;-1.0
-3.597514105669629E-102;5357.387589357356;1784231459399;2026-07-16T19:50:59.399Z;1;4;357;-1.0;-1.0
-7.212121148948698E-104;5357.387589357356;1784231459799;2026-07-16T19:50:59.799Z;1;4;357;-1.0;-1.0
