Time(ms);Time(Instant);travelledDistance;trainSpeed;gpsSpeed;lat;lon;gpsValid;trainSpeedAfter;gpsSpeedAfter;latAfter;lonAfter;gpsValidAfter
1783367251199;2026-07-06T19:47:31.199Z;1315.000;0.000;0.000;59.278400;18.010141;true;0.000;0.000;59.278400;18.010141;true
1783367251399;2026-07-06T19:47:31.399Z;1315.000;0.000;0.000;59.278400;18.010141;true;0.000;0.000;59.278400;18.010141;true
1783367251599;2026-07-06T19:47:31.599Z;1315.000;0.000;0.000;59.278400;18.010141;true;0.000;0.000;59.278400;18.010141;true
1783367251799;2026-07-06T19:47:31.799Z;1315.000;0.000;0.000;59.278400;18.010141;true;0.000;0.000;59.278400;18.010141;true
1783367251999;2026-07-06T19:47:31.999Z;1315.000;0.000;0.000;59.278400;18.010141;true;0.000;0.000;59.278400;18.010141;true
1783367252199;2026-07-06T19:47:32.199Z;1315.000;0.000;0.000;59.278400;18.010141;true;0.000;0.000;59.278400;18.010141;true
1783367252399;2026-07-06T19:47:32.399Z;1315.000;0.000;0.000;59.278400;18.010141;true;0.000;0.000;59.278400;18.010141;true
1783367252599;2026-07-06T19:47:32.599Z;1315.000;0.000;0.000;59.278400;18.010141;true;0.000;0.000;59.278400;18.010141;true
1783367252799;2026-07-06T19:47:32.799Z;1315.000;0.000;0.000;59.278400;18.010141;true;0.000;0.000;59.278400;18.010141;true
1783367253000;2026-07-06T19:47:33Z;1315.000;0.000;0.000;59.278400;18.010141;true;0.000;0.000;59.278400;18.010141;true
1783367253199;2026-07-06T19:47:33.199Z;1315.000;0.000;0.000;59.278400;18.010141;true;0.000;0.000;59.278400;18.010141;true
1783367253399;2026-07-06T19:47:33.399Z;1315.000;0.000;0.000;59.278400;18.010141;true;0.000;0.000;59.278400;18.010141;true
1783367253599;2026-07-06T19:47:33.599Z;1315.000;0.000;0.000;59.278400;18.010141;true;0.000;0.000;59.278400;18.010141;true
1783367253799;2026-07-06T19:47:33.799Z;1315.000;0.000;0.000;59.278400;18.010141;true;0.000;0.000;59.278400;18.010141;true
1783367254000;2026-07-06T19:47:34Z;1315.000;0.000;0.000;59.278400;18.010141;true;0.000;0.000;59.278400;18.010141;true
1783367254199;2026-07-06T19:47:34.199Z;1315.000;0.000;0.000;59.278400;18.010141;true;0.000;0.000;59.278400;18.010141;true
1783367254399;2026-07-06T19:47:34.399Z;1315.000;0.000;0.000;59.278400;18.010141;true;0.000;0.000;59.278400;18.010141;true
1783367254599;2026-07-06T19:47:34.599Z;1315.000;0.000;0.000;59.278400;18.010141;true;0.000;0.000;59.278400;18.010141;true
1783367254799;2026-07-06T19:47:34.799Z;1315.000;0.000;0.000;59.278400;18.010141;true;0.000;0.000;59.278400;18.010141;true
1783367255000;2026-07-06T19:47:35Z;1315.000;0.000;0.000;59.278400;18.010141;true;0.000;0.000;59.278400;18.010141;true
1783367255199;2026-07-06T19:47:35.199Z;1315.000;0.000;0.000;59.278400;18.010141;true;0.000;0.000;59.278400;18.010141;true
1783367255399;2026-07-06T19:47:35.399Z;1315.000;0.000;0.000;59.278400;18.010141;true;0.000;0.000;59.278400;18.010141;true
1783367255599;2026-07-06T19:47:35.599Z;1315.000;0.000;0.000;59.278400;18.010141;true;0.000;0.000;59.278400;18.010141;true
1783367255799;2026-07-06T19:47:35.799Z;1315.000;0.000;0.000;59.278400;18.010141;true;0.000;0.000;59.278400;18.010141;true
1783367256000;2026-07-06T19:47:36Z;1315.000;0.000;0.000;59.278400;18.010141;true;0.000;0.000;59.278400;18.010141;true
1783367256199;2026-07-06T19:47:36.199Z;1315.000;0.000;0.000;59.278400;18.010141;true;0.000;0.000;59.278400;18.010141;true
1783367256399;2026-07-06T19:47:36.399Z;1315.000;0.000;0.000;59.278400;18.010141;true;0.000;0.000;59.278400;18.010141;true
1783367256599;2026-07-06T19:47:36.599Z;1315.000;0.000;0.000;59.278400;18.010141;true;0.000;0.000;59.278400;18.010141;true
1783367256799;2026-07-06T19:47:36.799Z;1315.000;0.000;0.000;59.278400;18.010141;true;0.000;0.000;59.278400;18.010141;true
1783367257000;2026-07-06T19:47:37Z;1315.000;0.000;0.000;59.278400;18.010141;true;0.000;0.000;59.278400;18.010141;true
1783367257199;2026-07-06T19:47:37.199Z;1315.000;0.000;0.000;59.278400;18.010141;true;0.000;0.000;59.278400;18.010141;true
1783367257399;2026-07-06T19:47:37.399Z;1315.000;0.000;0.000;59.278400;18.010141;true;0.000;0.000;59.278400;18.010141;true
1783367257599;2026-07-06T19:47:37.599Z;1315.000;0.000;0.000;59.278400;18.010141;true;0.000;0.000;59.278400;18.010141;true
1783367257799;2026-07-06T19:47:37.799Z;1315.000;0.000;0.000;59.278400;18.010141;true;0.000;0.000;59.278400;18.010141;true
1783367258000;2026-07-06T19:47:38Z;1315.000;0.000;0.000;59.278400;18.010141;true;0.000;0.000;59.278400;18.010141;true
1783367258199;2026-07-06T19:47:38.199Z;1315.000;0.000;0.000;59.278400;18.010141;true;0.000;0.000;59.278400;18.010141;true
1783367258399;2026-07-06T19:47:38.399Z;1315.000;0.000;0.000;59.278400;18.010141;true;0.000;0.000;59.278400;18.010141;true
1783367258599;2026-07-06T19:47:38.599Z;1315.000;0.000;0.000;59.278400;18.010141;true;0.000;0.000;59.278400;18.010141;true
1783367258799;2026-07-06T19:47:38.799Z;1315.000;0.000;0.000;59.278400;18.010141;true;0.000;0.000;59.278400;18.010141;true
1783367259000;2026-07-06T19:47:39Z;1315.000;0.000;0.000;59.278400;18.010141;true;0.000;0.000;59.278400;18.010141;true
1783367259199;2026-07-06T19:47:39.199Z;1315.000;0.000;0.000;59.278400;18.010141;true;0.000;0.000;59.278400;18.010141;true
1783367259399;2026-07-06T19:47:39.399Z;1315.000;0.000;0.000;59.278400;18.010141;true;0.000;0.000;59.278400;18.010141;true
1783367259599;2026-07-06T19:47:39.599Z;1315.000;0.000;0.000;59.278400;18.010141;true;0.000;0.000;59.278400;18.010141;true
1783367259799;2026-07-06T19:47:39.799Z;1315.000;0.000;0.000;59.278400;18.010141;true;0.000;0.000;59.278400;18.010141;true
1783367259999;2026-07-06T19:47:39.999Z;1315.000;0.000;0.000;59.278400;18.010141;true;0.000;0.000;59.278400;18.010141;true
1783367260199;2026-07-06T19:47:40.199Z;1315.000;0.000;0.000;59.278400;18.010141;true;0.000;0.000;59.278400;18.010141;true
1783367260399;2026-07-06T19:47:40.399Z;1315.000;0.000;0.000;59.278400;18.010141;true;0.000;0.000;59.278400;18.010141;true
1783367260599;2026-07-06T19:47:40.599Z;1315.000;0.000;0.000;59.278400;18.010141;true;0.000;0.000;59.278400;18.010141;true
1783367260799;2026-07-06T19:47:40.799Z;1315.000;0.000;0.000;59.278400;18.010141;true;0.000;0.000;59.278400;18.010141;true
1783367260999;2026-07-06T19:47:40.999Z;1315.000;0.000;0.000;59.278400;18.010141;true;0.000;0.000;59.278400;18.010141;true
1783367261199;2026-07-06T19:47:41.199Z;1315.000;0.000;0.000;59.278400;18.010141;true;0.000;0.000;59.278400;18.010141;true
1783367261399;2026-07-06T19:47:41.399Z;1315.000;0.000;0.000;59.278400;18.010141;true;0.000;0.000;59.278400;18.010141;true
1783367261599;2026-07-06T19:47:41.599Z;1315.000;0.000;0.000;59.278400;18.010141;true;0.000;0.000;59.278400;18.010141;true
1783367261799;2026-07-06T19:47:41.799Z;1315.000;0.000;0.000;59.278400;18.010141;true;0.000;0.000;59.278400;18.010141;true
1783367261999;2026-07-06T19:47:41.999Z;1315.000;0.000;0.000;59.278400;18.010141;true;0.000;0.000;59.278400;18.010141;true
1783367262199;2026-07-06T19:47:42.199Z;1315.000;0.000;0.000;59.278400;18.010141;true;0.000;0.000;59.278400;18.010141;true
1783367262399;2026-07-06T19:47:42.399Z;1315.000;0.000;0.000;59.278400;18.010141;true;0.000;0.000;59.278400;18.010141;true
1783367262599;2026-07-06T19:47:42.599Z;1315.000;0.000;0.000;59.278400;18.010141;true;0.000;0.000;59.278400;18.010141;true
1783367262799;2026-07-06T19:47:42.799Z;1315.000;0.000;0.000;59.278400;18.010141;true;0.000;0.000;59.278400;18.010141;true
1783367262999;2026-07-06T19:47:42.999Z;1315.000;0.000;0.000;59.278400;18.010141;true;0.000;0.000;59.278400;18.010141;true
1783367263199;2026-07-06T19:47:43.199Z;1315.000;0.000;0.000;59.278400;18.010141;true;0.000;0.000;59.278400;18.010141;true
1783367263399;2026-07-06T19:47:43.399Z;1315.000;0.000;0.000;59.278400;18.010141;true;0.000;0.000;59.278400;18.010141;true
1783367263599;2026-07-06T19:47:43.599Z;1315.000;0.000;0.000;59.278400;18.010141;true;0.000;0.000;59.278400;18.010141;true
1783367263799;2026-07-06T19:47:43.799Z;1315.000;0.000;0.000;59.278400;18.010141;true;0.000;0.000;59.278400;18.010141;true
1783367263999;2026-07-06T19:47:43.999Z;1315.000;0.000;0.000;59.278400;18.010141;true;0.000;0.000;59.278400;18.010141;true
1783367264199;2026-07-06T19:47:44.199Z;1315.000;0.000;0.000;59.278400;18.010141;true;0.000;0.000;59.278400;18.010141;true
1783367264399;2026-07-06T19:47:44.399Z;1315.000;0.000;0.000;59.278400;18.010141;true;0.000;0.000;59.278400;18.010141;true
1783367264599;2026-07-06T19:47:44.599Z;1315.000;0.000;0.000;59.278400;18.010141;true;0.000;0.000;59.278400;18.010141;true
1783367264799;2026-07-06T19:47:44.799Z;1315.000;0.000;0.000;59.278400;18.010141;true;0.000;0.000;59.278400;18.010141;true
1783367264999;2026-07-06T19:47:44.999Z;1315.000;0.000;0.000;59.278400;18.010141;true;0.000;0.000;59.278400;18.010141;true
1783367265199;2026-07-06T19:47:45.199Z;1315.000;0.000;0.000;59.278400;18.010141;true;0.000;0.000;59.278400;18.010141;true
1783367265399;2026-07-06T19:47:45.399Z;1315.000;0.000;0.000;59.278400;18.010141;true;0.000;0.000;59.278400;18.010141;true
1783367265599;2026-07-06T19:47:45.599Z;1315.000;0.000;0.000;59.278400;18.010141;true;0.000;0.000;59.278400;18.010141;true
1783367265799;2026-07-06T19:47:45.799Z;1315.000;0.000;0.000;59.278400;18.010141;true;0.000;0.000;59.278400;18.010141;true
1783367265999;2026-07-06T19:47:45.999Z;1315.000;0.000;0.000;59.278400;18.010141;true;0.000;0.000;59.278400;18.010141;true
1783367266199;2026-07-06T19:47:46.199Z;1315.000;0.000;0.000;59.278400;18.010141;true;0.000;0.000;59.278400;18.010141;true
1783367266399;2026-07-06T19:47:46.399Z;1315.000;0.000;0.000;59.278400;18.010141;true;0.000;0.000;59.278400;18.010141;true
1783367266599;2026-07-06T19:47:46.599Z;1315.000;0.000;0.000;59.278400;18.010141;true;0.000;0.000;59.278400;18.010141;true
1783367266799;2026-07-06T19:47:46.799Z;1315.000;0.000;0.000;59.278400;18.010141;true;0.000;0.000;59.278400;18.010141;true
1783367266999;2026-07-06T19:47:46.999Z;1315.000;0.000;0.000;59.278400;18.010141;true;0.000;0.000;59.278400;18.010141;true
1783367267199;2026-07-06T19:47:47.199Z;1315.000;0.000;0.000;59.278400;18.010141;true;0.000;0.000;59.278400;18.010141;true
1783367267399;2026-07-06T19:47:47.399Z;1315.000;0.000;0.000;59.278400;18.010141;true;0.000;0.000;59.278400;18.010141;true
1783367267599;2026-07-06T19:47:47.599Z;1315.000;0.000;0.000;59.278400;18.010141;true;0.000;0.000;59.278400;18.010141;true
1783367267799;2026-07-06T19:47:47.799Z;1315.000;0.000;0.000;59.278400;18.010141;true;0.000;0.000;59.278400;18.010141;true
1783367267999;2026-07-06T19:47:47.999Z;1315.000;0.000;0.000;59.278400;18.010141;true;0.000;0.000;59.278400;18.010141;true
1783367268199;2026-07-06T19:47:48.199Z;1315.000;0.000;0.000;59.278400;18.010141;true;0.000;0.000;59.278400;18.010141;true
1783367268399;2026-07-06T19:47:48.399Z;1315.000;0.000;0.000;59.278400;18.010141;true;0.000;0.000;59.278400;18.010141;true
1783367268599;2026-07-06T19:47:48.599Z;1315.000;0.000;0.000;59.278400;18.010141;true;0.000;0.000;59.278400;18.010141;true
1783367268799;2026-07-06T19:47:48.799Z;1315.000;0.000;0.000;59.278400;18.010141;true;0.000;0.000;59.278400;18.010141;true
1783367268999;2026-07-06T19:47:48.999Z;1315.000;0.000;0.000;59.278400;18.010141;true;0.000;0.000;59.278400;18.010141;true
1783367269199;2026-07-06T19:47:49.199Z;1315.000;0.000;0.000;59.278400;18.010141;true;0.000;0.000;59.278400;18.010141;true
1783367269399;2026-07-06T19:47:49.399Z;1315.000;0.000;0.000;59.278400;18.010141;true;0.000;0.000;59.278400;18.010141;true
1783367269599;2026-07-06T19:47:49.599Z;1315.000;0.000;0.000;59.278400;18.010141;true;0.000;0.000;59.278400;18.010141;true
1783367269799;2026-07-06T19:47:49.799Z;1315.000;0.000;0.000;59.278400;18.010141;true;0.000;0.000;59.278400;18.010141;true
1783367269999;2026-07-06T19:47:49.999Z;1315.000;0.000;0.000;59.278400;18.010141;true;0.000;0.000;59.278400;18.010141;true
1783367270199;2026-07-06T19:47:50.199Z;1315.000;0.000;0.000;59.278400;18.010141;true;0.000;0.000;59.278400;18.010141;true
1783367270399;2026-07-06T19:47:50.399Z;1315.000;0.000;0.000;59.278400;18.010141;true;0.000;0.000;59.278400;18.010141;true
1783367270599;2026-07-06T19:47:50.599Z;1315.000;0.000;0.000;59.278400;18.010141;true;0.000;0.000;59.278400;18.010141;true
1783367270799;2026-07-06T19:47:50.799Z;1315.000;0.000;0.000;59.278400;18.010141;true;0.000;0.000;59.278400;18.010141;true
1783367270999;2026-07-06T19:47:50.999Z;1315.000;0.000;0.000;59.278400;18.010141;true;0.000;0.000;59.278400;18.010141;true
1783367271199;2026-07-06T19:47:51.199Z;1315.000;0.000;0.000;59.278400;18.010141;true;0.000;0.000;59.278400;18.010141;true
1783367271399;2026-07-06T19:47:51.399Z;1315.000;0.000;0.000;59.278400;18.010141;true;0.000;0.000;59.278400;18.010141;true
1783367271599;2026-07-06T19:47:51.599Z;1315.000;0.000;0.000;59.278400;18.010141;true;0.000;0.000;59.278400;18.010141;true
1783367271799;2026-07-06T19:47:51.799Z;1315.000;0.000;0.000;59.278400;18.010141;true;0.000;0.000;59.278400;18.010141;true
1783367271999;2026-07-06T19:47:51.999Z;1315.000;0.000;0.000;59.278400;18.010141;true;0.000;0.000;59.278400;18.010141;true
1783367272199;2026-07-06T19:47:52.199Z;1315.000;0.000;0.000;59.278400;18.010141;true;0.000;0.000;59.278400;18.010141;true
1783367272399;2026-07-06T19:47:52.399Z;1315.000;0.000;0.000;59.278400;18.010141;true;0.000;0.000;59.278400;18.010141;true
1783367272599;2026-07-06T19:47:52.599Z;1315.000;0.000;0.000;59.278400;18.010141;true;0.000;0.000;59.278400;18.010141;true
1783367272799;2026-07-06T19:47:52.799Z;1315.000;0.000;0.000;59.278400;18.010141;true;0.000;0.000;59.278400;18.010141;true
1783367272999;2026-07-06T19:47:52.999Z;1315.000;0.000;0.000;59.278400;18.010141;true;0.000;0.000;59.278400;18.010141;true
1783367273199;2026-07-06T19:47:53.199Z;1315.000;0.000;0.000;59.278400;18.010141;true;0.000;0.000;59.278400;18.010141;true
1783367273399;2026-07-06T19:47:53.399Z;1315.000;0.000;0.000;59.278400;18.010141;true;0.000;0.000;59.278400;18.010141;true
1783367273599;2026-07-06T19:47:53.599Z;1315.000;0.000;0.000;59.278400;18.010141;true;0.000;0.000;59.278400;18.010141;true
1783367273799;2026-07-06T19:47:53.799Z;1315.000;0.000;0.000;59.278400;18.010141;true;0.000;0.000;59.278400;18.010141;true
1783367273999;2026-07-06T19:47:53.999Z;1315.000;0.000;0.000;59.278400;18.010141;true;0.000;0.000;59.278400;18.010141;true
1783367274199;2026-07-06T19:47:54.199Z;1315.000;0.000;0.000;59.278400;18.010141;true;0.000;0.000;59.278400;18.010141;true
1783367274399;2026-07-06T19:47:54.399Z;1315.000;0.000;0.000;59.278400;18.010141;true;0.000;0.000;59.278400;18.010141;true
1783367274599;2026-07-06T19:47:54.599Z;1315.000;0.000;0.000;59.278400;18.010141;true;0.000;0.000;59.278400;18.010141;true
1783367274799;2026-07-06T19:47:54.799Z;1315.000;0.000;0.000;59.278400;18.010141;true;0.000;0.000;59.278400;18.010141;true
1783367274999;2026-07-06T19:47:54.999Z;1315.000;0.000;0.000;59.278400;18.010141;true;0.000;0.000;59.278400;18.010141;true
1783367275199;2026-07-06T19:47:55.199Z;1315.000;0.000;0.000;59.278400;18.010141;true;0.000;0.000;59.278400;18.010141;true
1783367275399;2026-07-06T19:47:55.399Z;1315.000;0.000;0.000;59.278400;18.010141;true;0.000;0.000;59.278400;18.010141;true
1783367275599;2026-07-06T19:47:55.599Z;1315.000;0.000;0.000;59.278400;18.010141;true;0.000;0.000;59.278400;18.010141;true
1783367275799;2026-07-06T19:47:55.799Z;1315.000;0.000;0.000;59.278400;18.010141;true;0.000;0.000;59.278400;18.010141;true
1783367275999;2026-07-06T19:47:55.999Z;1315.000;0.000;0.000;59.278400;18.010141;true;0.000;0.000;59.278400;18.010141;true
1783367276199;2026-07-06T19:47:56.199Z;1315.000;0.000;0.000;59.278400;18.010141;true;0.000;0.000;59.278400;18.010141;true
1783367276399;2026-07-06T19:47:56.399Z;1315.000;0.000;0.000;59.278400;18.010141;true;0.000;0.000;59.278400;18.010141;true
1783367276599;2026-07-06T19:47:56.599Z;1315.000;0.000;0.000;59.278400;18.010141;true;0.000;0.000;59.278400;18.010141;true
1783367276799;2026-07-06T19:47:56.799Z;1315.000;0.000;0.000;59.278400;18.010141;true;0.000;0.000;59.278400;18.010141;true
1783367276999;2026-07-06T19:47:56.999Z;1315.000;0.000;0.000;59.278400;18.010141;true;0.000;0.000;59.278400;18.010141;true
1783367277199;2026-07-06T19:47:57.199Z;1315.000;0.000;0.000;59.278400;18.010141;true;0.000;0.000;59.278400;18.010141;true
1783367277399;2026-07-06T19:47:57.399Z;1315.000;0.000;0.000;59.278400;18.010141;true;0.000;0.000;59.278400;18.010141;true
1783367277599;2026-07-06T19:47:57.599Z;1315.000;0.000;0.000;59.278400;18.010141;true;0.000;0.000;59.278400;18.010141;true
1783367277799;2026-07-06T19:47:57.799Z;1315.000;0.000;0.000;59.278400;18.010141;true;0.000;0.000;59.278400;18.010141;true
1783367277999;2026-07-06T19:47:57.999Z;1315.000;0.000;0.000;59.278400;18.010141;true;0.000;0.000;59.278400;18.010141;true
1783367278199;2026-07-06T19:47:58.199Z;1315.000;0.000;0.000;59.278400;18.010141;true;0.000;0.000;59.278400;18.010141;true
1783367278399;2026-07-06T19:47:58.399Z;1315.000;0.000;0.000;59.278400;18.010141;true;0.000;0.000;59.278400;18.010141;true
1783367278599;2026-07-06T19:47:58.599Z;1315.000;0.000;0.000;59.278400;18.010141;true;0.000;0.000;59.278400;18.010141;true
1783367278799;2026-07-06T19:47:58.799Z;1315.000;0.000;0.000;59.278400;18.010141;true;0.000;0.000;59.278400;18.010141;true
1783367278999;2026-07-06T19:47:58.999Z;1315.000;0.000;0.000;59.278400;18.010141;true;0.000;0.000;59.278400;18.010141;true
1783367279199;2026-07-06T19:47:59.199Z;1315.000;0.000;0.000;59.278400;18.010141;true;0.000;0.000;59.278400;18.010141;true
1783367279399;2026-07-06T19:47:59.399Z;1315.000;0.000;0.000;59.278400;18.010141;true;0.000;0.000;59.278400;18.010141;true
1783367279599;2026-07-06T19:47:59.599Z;1315.000;0.000;0.000;59.278400;18.010141;true;0.000;0.000;59.278400;18.010141;true
1783367279799;2026-07-06T19:47:59.799Z;1315.000;0.000;0.000;59.278400;18.010141;true;0.000;0.000;59.278400;18.010141;true
1783367279999;2026-07-06T19:47:59.999Z;1315.000;0.000;0.000;59.278400;18.010141;true;0.000;0.000;59.278400;18.010141;true
1783367280199;2026-07-06T19:48:00.199Z;1315.000;0.000;0.000;59.278400;18.010141;true;0.000;0.000;59.278400;18.010141;true
1783367280399;2026-07-06T19:48:00.399Z;1315.000;0.000;0.000;59.278400;18.010141;true;0.000;0.000;59.278400;18.010141;true
1783367280599;2026-07-06T19:48:00.599Z;1315.000;0.000;0.000;59.278400;18.010141;true;0.000;0.000;59.278400;18.010141;true
1783367280799;2026-07-06T19:48:00.799Z;1315.000;0.000;0.000;59.278400;18.010141;true;0.000;0.000;59.278400;18.010141;true
1783367280999;2026-07-06T19:48:00.999Z;1315.000;0.000;0.000;59.278400;18.010141;true;0.000;0.000;59.278400;18.010141;true
1783367281199;2026-07-06T19:48:01.199Z;1315.000;0.000;0.000;59.278400;18.010141;true;0.000;0.000;59.278400;18.010141;true
1783367281399;2026-07-06T19:48:01.399Z;1315.000;0.000;0.000;59.278400;18.010141;true;0.000;0.000;59.278400;18.010141;true
1783367281599;2026-07-06T19:48:01.599Z;1315.011;0.107;0.107;59.278397;18.010141;true;0.106;0.107;59.278397;18.010141;true
1783367281799;2026-07-06T19:48:01.799Z;1315.043;0.214;0.214;59.278397;18.010141;true;0.218;0.214;59.278397;18.010141;true
1783367281999;2026-07-06T19:48:01.999Z;1315.096;0.320;0.320;59.278397;18.010139;true;0.329;0.320;59.278397;18.010139;true
1783367282199;2026-07-06T19:48:02.199Z;1315.171;0.427;0.427;59.278397;18.010139;true;0.417;0.427;59.278397;18.010139;true
1783367282399;2026-07-06T19:48:02.399Z;1315.267;0.534;0.534;59.278397;18.010138;true;0.541;0.534;59.278397;18.010138;true
1783367282599;2026-07-06T19:48:02.599Z;1315.384;0.640;0.640;59.278397;18.010136;true;0.637;0.640;59.278397;18.010136;true
1783367282799;2026-07-06T19:48:02.799Z;1315.523;0.747;0.747;59.278397;18.010134;true;0.746;0.747;59.278397;18.010134;true
1783367282999;2026-07-06T19:48:02.999Z;1315.689;0.914;0.914;59.278393;18.010132;true;0.938;0.914;59.278393;18.010132;true
1783367283199;2026-07-06T19:48:03.199Z;1315.889;1.081;1.081;59.278393;18.010130;true;1.089;1.081;59.278393;18.010130;true
1783367283399;2026-07-06T19:48:03.399Z;1316.121;1.247;1.247;59.278393;18.010126;true;1.251;1.247;59.278393;18.010126;true
1783367283599;2026-07-06T19:48:03.599Z;1316.388;1.414;1.414;59.278389;18.010122;true;1.441;1.414;59.278389;18.010122;true
1783367283799;2026-07-06T19:48:03.799Z;1316.687;1.581;1.581;59.278389;18.010118;true;1.597;1.581;59.278389;18.010118;true
1783367283999;2026-07-06T19:48:03.999Z;1317.020;1.747;1.747;59.278385;18.010115;true;1.761;1.747;59.278385;18.010115;true
1783367284199;2026-07-06T19:48:04.199Z;1317.386;1.914;1.914;59.278385;18.010111;true;1.981;1.914;59.278385;18.010111;true
1783367284399;2026-07-06T19:48:04.399Z;1317.785;2.081;2.081;59.278381;18.010105;true;2.075;2.081;59.278381;18.010105;true
1783367284599;2026-07-06T19:48:04.599Z;1318.218;2.247;2.247;59.278378;18.010099;true;2.258;2.247;59.278378;18.010099;true
1783367284799;2026-07-06T19:48:04.799Z;1318.684;2.414;2.414;59.278378;18.010094;true;2.303;2.414;59.278378;18.010094;true
1783367284999;2026-07-06T19:48:04.999Z;1319.184;2.580;2.580;59.278374;18.010086;true;2.625;2.580;59.278374;18.010086;true
1783367285199;2026-07-06T19:48:05.199Z;1319.717;2.747;2.747;59.278370;18.010080;true;2.715;2.747;59.278370;18.010080;true
1783367285399;2026-07-06T19:48:05.399Z;1320.283;2.914;2.914;59.278366;18.010073;true;2.890;2.914;59.278366;18.010073;true
1783367285599;2026-07-06T19:48:05.599Z;1320.882;3.080;3.080;59.278362;18.010065;true;3.126;3.080;59.278362;18.010065;true
1783367285799;2026-07-06T19:48:05.799Z;1321.515;3.247;3.247;59.278358;18.010057;true;3.158;3.247;59.278358;18.010057;true
1783367285999;2026-07-06T19:48:05.999Z;1322.181;3.413;3.413;59.278355;18.010048;true;3.524;3.413;59.278355;18.010048;true
1783367286199;2026-07-06T19:48:06.199Z;1322.880;3.580;3.580;59.278351;18.010038;true;3.490;3.580;59.278351;18.010038;true
1783367286399;2026-07-06T19:48:06.399Z;1323.613;3.746;3.746;59.278347;18.010029;true;3.713;3.746;59.278347;18.010029;true
1783367286599;2026-07-06T19:48:06.599Z;1324.378;3.913;3.913;59.278343;18.010019;true;3.955;3.913;59.278343;18.010019;true
1783367286799;2026-07-06T19:48:06.799Z;1325.178;4.079;4.079;59.278336;18.010010;true;4.004;4.079;59.278336;18.010010;true
1783367286999;2026-07-06T19:48:06.999Z;1326.010;4.246;4.246;59.278332;18.009998;true;4.269;4.246;59.278332;18.009998;true
1783367287199;2026-07-06T19:48:07.199Z;1326.876;4.412;4.412;59.278328;18.009987;true;4.400;4.412;59.278328;18.009987;true
1783367287399;2026-07-06T19:48:07.399Z;1327.775;4.579;4.579;59.278320;18.009975;true;4.541;4.579;59.278320;18.009975;true
1783367287599;2026-07-06T19:48:07.599Z;1328.707;4.745;4.745;59.278316;18.009964;true;4.665;4.745;59.278316;18.009964;true
1783367287799;2026-07-06T19:48:07.799Z;1329.673;4.911;4.911;59.278309;18.009951;true;4.871;4.911;59.278309;18.009951;true
1783367288000;2026-07-06T19:48:08Z;1330.672;5.078;5.078;59.278305;18.009939;true;5.082;5.078;59.278305;18.009939;true
1783367288199;2026-07-06T19:48:08.199Z;1331.704;5.244;5.244;59.278297;18.009926;true;5.244;5.244;59.278297;18.009926;true
1783367288399;2026-07-06T19:48:08.399Z;1332.769;5.410;5.410;59.278290;18.009911;true;5.559;5.410;59.278290;18.009911;true
1783367288599;2026-07-06T19:48:08.599Z;1333.868;5.577;5.577;59.278286;18.009897;true;5.661;5.577;59.278286;18.009897;true
1783367288799;2026-07-06T19:48:08.799Z;1335.000;5.743;5.743;59.278278;18.009882;true;5.807;5.743;59.278278;18.009882;true
1783367289000;2026-07-06T19:48:09Z;1336.165;5.909;5.909;59.278271;18.009867;true;5.730;5.909;59.278271;18.009867;true
1783367289199;2026-07-06T19:48:09.199Z;1337.364;6.075;6.075;59.278263;18.009851;true;5.979;6.075;59.278263;18.009851;true
1783367289399;2026-07-06T19:48:09.399Z;1338.596;6.242;6.242;59.278255;18.009836;true;6.309;6.242;59.278255;18.009836;true
1783367289599;2026-07-06T19:48:09.599Z;1339.861;6.408;6.408;59.278248;18.009819;true;6.369;6.408;59.278248;18.009819;true
1783367289799;2026-07-06T19:48:09.799Z;1341.159;6.574;6.574;59.278240;18.009804;true;6.281;6.574;59.278240;18.009804;true
1783367290000;2026-07-06T19:48:10Z;1342.490;6.740;6.740;59.278233;18.009785;true;6.823;6.740;59.278233;18.009785;true
1783367290199;2026-07-06T19:48:10.199Z;1343.855;6.906;6.906;59.278225;18.009768;true;6.886;6.906;59.278225;18.009768;true
1783367290399;2026-07-06T19:48:10.399Z;1345.253;7.073;7.073;59.278214;18.009750;true;7.174;7.073;59.278214;18.009750;true
1783367290599;2026-07-06T19:48:10.599Z;1346.684;7.239;7.239;59.278206;18.009733;true;7.307;7.239;59.278206;18.009733;true
1783367290799;2026-07-06T19:48:10.799Z;1348.148;7.405;7.405;59.278198;18.009714;true;7.337;7.405;59.278198;18.009714;true
1783367291000;2026-07-06T19:48:11Z;1349.646;7.571;7.571;59.278187;18.009697;true;7.473;7.571;59.278187;18.009697;true
1783367291199;2026-07-06T19:48:11.199Z;1351.177;7.737;7.737;59.278179;18.009678;true;7.616;7.737;59.278179;18.009678;true
1783367291399;2026-07-06T19:48:11.399Z;1352.741;7.903;7.903;59.278168;18.009659;true;7.756;7.903;59.278168;18.009659;true
1783367291599;2026-07-06T19:48:11.599Z;1354.338;8.069;8.069;59.278156;18.009638;true;8.363;8.069;59.278156;18.009638;true
1783367291799;2026-07-06T19:48:11.799Z;1355.968;8.235;8.235;59.278149;18.009617;true;8.288;8.235;59.278149;18.009617;true
1783367292000;2026-07-06T19:48:12Z;1357.632;8.401;8.401;59.278137;18.009598;true;8.186;8.401;59.278137;18.009598;true
1783367292199;2026-07-06T19:48:12.199Z;1359.328;8.567;8.567;59.278126;18.009577;true;9.033;8.567;59.278126;18.009577;true
1783367292399;2026-07-06T19:48:12.399Z;1361.058;8.733;8.733;59.278114;18.009554;true;8.732;8.733;59.278114;18.009554;true
1783367292599;2026-07-06T19:48:12.599Z;1362.822;8.899;8.899;59.278103;18.009533;true;8.759;8.899;59.278103;18.009533;true
1783367292799;2026-07-06T19:48:12.799Z;1364.618;9.065;9.065;59.278091;18.009510;true;9.217;9.065;59.278091;18.009510;true
1783367293000;2026-07-06T19:48:13Z;1366.447;9.231;9.231;59.278080;18.009487;true;9.002;9.231;59.278080;18.009487;true
1783367293199;2026-07-06T19:48:13.199Z;1368.310;9.397;9.397;59.278069;18.009464;true;9.114;9.397;59.278069;18.009464;true
1783367293399;2026-07-06T19:48:13.399Z;1370.206;9.563;9.563;59.278057;18.009441;true;9.500;9.563;59.278057;18.009441;true
1783367293599;2026-07-06T19:48:13.599Z;1372.136;9.730;9.730;59.278046;18.009417;true;9.611;9.730;59.278046;18.009417;true
1783367293799;2026-07-06T19:48:13.799Z;1374.098;9.896;9.896;59.278034;18.009392;true;9.810;9.896;59.278034;18.009392;true
1783367294000;2026-07-06T19:48:14Z;1376.094;10.063;10.063;59.278019;18.009367;true;10.154;10.063;59.278019;18.009367;true
1783367294199;2026-07-06T19:48:14.199Z;1378.123;10.229;10.229;59.278008;18.009342;true;10.283;10.229;59.278008;18.009342;true
1783367294399;2026-07-06T19:48:14.399Z;1380.186;10.396;10.396;59.277992;18.009319;true;10.836;10.396;59.277992;18.009319;true
1783367294599;2026-07-06T19:48:14.599Z;1382.282;10.563;10.563;59.277981;18.009295;true;10.699;10.563;59.277981;18.009295;true
1783367294799;2026-07-06T19:48:14.799Z;1384.411;10.729;10.729;59.277966;18.009270;true;11.093;10.729;59.277966;18.009270;true
1783367295000;2026-07-06T19:48:15Z;1386.573;10.896;10.896;59.277950;18.009245;true;10.983;10.896;59.277950;18.009245;true
1783367295199;2026-07-06T19:48:15.199Z;1388.769;11.063;11.063;59.277935;18.009220;true;11.243;11.063;59.277935;18.009220;true
1783367295399;2026-07-06T19:48:15.399Z;1390.999;11.230;11.230;59.277924;18.009193;true;11.672;11.230;59.277924;18.009193;true
1783367295599;2026-07-06T19:48:15.599Z;1393.262;11.398;11.398;59.277908;18.009167;true;11.345;11.398;59.277908;18.009167;true
1783367295799;2026-07-06T19:48:15.799Z;1395.558;11.565;11.565;59.277893;18.009140;true;11.466;11.565;59.277893;18.009140;true
1783367296000;2026-07-06T19:48:16Z;1397.888;11.732;11.732;59.277878;18.009113;true;11.747;11.732;59.277878;18.009113;true
1783367296199;2026-07-06T19:48:16.199Z;1400.251;11.900;11.900;59.277863;18.009085;true;12.044;11.900;59.277863;18.009085;true
1783367296399;2026-07-06T19:48:16.399Z;1402.647;12.067;12.067;59.277843;18.009058;true;12.198;12.067;59.277843;18.009058;true
1783367296599;2026-07-06T19:48:16.599Z;1405.078;12.235;12.235;59.277828;18.009029;true;12.489;12.235;59.277828;18.009029;true
1783367296799;2026-07-06T19:48:16.799Z;1407.541;12.402;12.402;59.277813;18.009001;true;12.796;12.402;59.277813;18.009001;true
1783367297000;2026-07-06T19:48:17Z;1410.039;12.570;12.570;59.277798;18.008972;true;12.640;12.570;59.277798;18.008972;true
1783367297199;2026-07-06T19:48:17.199Z;1412.569;12.738;12.738;59.277779;18.008942;true;12.653;12.738;59.277779;18.008942;true
1783367297399;2026-07-06T19:48:17.399Z;1415.134;12.906;12.906;59.277763;18.008913;true;13.052;12.906;59.277763;18.008913;true
1783367297599;2026-07-06T19:48:17.599Z;1417.732;13.074;13.074;59.277744;18.008883;true;12.937;13.074;59.277744;18.008883;true
1783367297799;2026-07-06T19:48:17.799Z;1420.364;13.243;13.243;59.277729;18.008852;true;13.230;13.243;59.277729;18.008852;true
1783367298000;2026-07-06T19:48:18Z;1423.029;13.411;13.411;59.277710;18.008820;true;13.327;13.411;59.277710;18.008820;true
1783367298199;2026-07-06T19:48:18.199Z;1425.728;13.580;13.580;59.277691;18.008789;true;13.760;13.580;59.277691;18.008789;true
1783367298399;2026-07-06T19:48:18.399Z;1428.461;13.748;13.748;59.277676;18.008757;true;13.613;13.748;59.277676;18.008757;true
1783367298599;2026-07-06T19:48:18.599Z;1431.227;13.917;13.917;59.277657;18.008724;true;13.964;13.917;59.277657;18.008724;true
1783367298799;2026-07-06T19:48:18.799Z;1434.028;14.086;14.086;59.277637;18.008692;true;14.736;14.086;59.277637;18.008692;true
1783367299000;2026-07-06T19:48:19Z;1436.862;14.255;14.255;59.277618;18.008659;true;14.359;14.255;59.277618;18.008659;true
1783367299199;2026-07-06T19:48:19.199Z;1439.730;14.425;14.425;59.277599;18.008627;true;14.729;14.425;59.277599;18.008627;true
1783367299399;2026-07-06T19:48:19.399Z;1442.632;14.594;14.594;59.277580;18.008593;true;14.847;14.594;59.277580;18.008593;true
1783367299599;2026-07-06T19:48:19.599Z;1445.567;14.763;14.763;59.277561;18.008558;true;14.901;14.763;59.277561;18.008558;true
1783367299799;2026-07-06T19:48:19.799Z;1448.537;14.933;14.933;59.277542;18.008524;true;14.602;14.933;59.277542;18.008524;true
1783367300000;2026-07-06T19:48:20Z;1451.540;15.102;15.102;59.277523;18.008488;true;15.494;15.102;59.277523;18.008488;true
1783367300199;2026-07-06T19:48:20.199Z;1454.578;15.271;15.271;59.277500;18.008453;true;14.819;15.271;59.277500;18.008453;true
1783367300399;2026-07-06T19:48:20.399Z;1457.649;15.441;15.441;59.277481;18.008417;true;15.257;15.441;59.277481;18.008417;true
1783367300599;2026-07-06T19:48:20.599Z;1460.754;15.610;15.610;59.277462;18.008383;true;16.393;15.610;59.277462;18.008383;true
1783367300799;2026-07-06T19:48:20.799Z;1463.893;15.780;15.780;59.277439;18.008347;true;15.955;15.780;59.277439;18.008347;true
1783367301000;2026-07-06T19:48:21Z;1467.066;15.949;15.949;59.277416;18.008312;true;15.873;15.949;59.277416;18.008312;true
1783367301199;2026-07-06T19:48:21.199Z;1470.273;16.118;16.118;59.277393;18.008276;true;15.798;16.118;59.277393;18.008276;true
1783367301399;2026-07-06T19:48:21.399Z;1473.513;16.288;16.288;59.277370;18.008240;true;16.634;16.288;59.277370;18.008240;true
1783367301599;2026-07-06T19:48:21.599Z;1476.788;16.457;16.457;59.277351;18.008202;true;16.340;16.457;59.277351;18.008202;true
1783367301799;2026-07-06T19:48:21.799Z;1480.096;16.627;16.627;59.277328;18.008165;true;16.903;16.627;59.277328;18.008165;true
1783367302000;2026-07-06T19:48:22Z;1483.439;16.796;16.796;59.277306;18.008127;true;17.315;16.796;59.277306;18.008127;true
1783367302199;2026-07-06T19:48:22.199Z;1486.815;16.965;16.965;59.277279;18.008089;true;16.823;16.965;59.277279;18.008089;true
1783367302399;2026-07-06T19:48:22.399Z;1490.225;17.135;17.135;59.277256;18.008051;true;17.064;17.135;59.277256;18.008051;true
1783367302599;2026-07-06T19:48:22.599Z;1493.669;17.304;17.304;59.277233;18.008013;true;17.576;17.304;59.277233;18.008013;true
1783367302799;2026-07-06T19:48:22.799Z;1497.146;17.474;17.474;59.277210;18.007973;true;16.578;17.474;59.277210;18.007973;true
1783367303000;2026-07-06T19:48:23Z;1500.658;17.643;17.643;59.277184;18.007933;true;17.612;17.643;59.277184;18.007933;true
1783367303199;2026-07-06T19:48:23.199Z;1504.204;17.812;17.812;59.277161;18.007893;true;18.106;17.812;59.277161;18.007893;true
1783367303399;2026-07-06T19:48:23.399Z;1507.783;17.980;17.980;59.277138;18.007853;true;17.826;17.980;59.277138;18.007853;true
1783367303599;2026-07-06T19:48:23.599Z;1511.396;18.146;18.146;59.277111;18.007813;true;17.892;18.146;59.277111;18.007813;true
1783367303799;2026-07-06T19:48:23.799Z;1515.041;18.311;18.311;59.277088;18.007772;true;17.965;18.311;59.277088;18.007772;true
1783367304000;2026-07-06T19:48:24Z;1518.720;18.474;18.474;59.277061;18.007730;true;19.271;18.474;59.277061;18.007730;true
1783367304199;2026-07-06T19:48:24.199Z;1522.431;18.635;18.635;59.277035;18.007689;true;18.912;18.635;59.277035;18.007689;true
1783367304399;2026-07-06T19:48:24.399Z;1526.174;18.796;18.796;59.277008;18.007647;true;17.763;18.796;59.277008;18.007647;true
1783367304599;2026-07-06T19:48:24.599Z;1529.949;18.955;18.955;59.276985;18.007605;true;19.604;18.955;59.276985;18.007605;true
1783367304799;2026-07-06T19:48:24.799Z;1533.756;19.113;19.113;59.276958;18.007561;true;19.002;19.113;59.276958;18.007561;true
1783367305000;2026-07-06T19:48:25Z;1537.594;19.270;19.270;59.276932;18.007517;true;18.879;19.270;59.276932;18.007517;true
1783367305199;2026-07-06T19:48:25.199Z;1541.463;19.425;19.425;59.276905;18.007475;true;19.091;19.425;59.276905;18.007475;true
1783367305399;2026-07-06T19:48:25.399Z;1545.364;19.580;19.580;59.276878;18.007431;true;19.516;19.580;59.276878;18.007431;true
1783367305599;2026-07-06T19:48:25.599Z;1549.295;19.734;19.734;59.276852;18.007385;true;20.044;19.734;59.276852;18.007385;true
1783367305799;2026-07-06T19:48:25.799Z;1553.257;19.886;19.886;59.276825;18.007341;true;19.729;19.886;59.276825;18.007341;true
1783367306000;2026-07-06T19:48:26Z;1557.250;20.038;20.038;59.276794;18.007296;true;20.068;20.038;59.276794;18.007296;true
1783367306199;2026-07-06T19:48:26.199Z;1561.272;20.188;20.188;59.276768;18.007252;true;20.239;20.188;59.276768;18.007252;true
1783367306399;2026-07-06T19:48:26.399Z;1565.325;20.338;20.338;59.276741;18.007206;true;20.152;20.338;59.276741;18.007206;true
1783367306599;2026-07-06T19:48:26.599Z;1569.407;20.487;20.487;59.276711;18.007160;true;20.932;20.487;59.276711;18.007160;true
1783367306799;2026-07-06T19:48:26.799Z;1573.520;20.634;20.634;59.276684;18.007113;true;20.998;20.634;59.276684;18.007113;true
1783367307000;2026-07-06T19:48:27Z;1577.661;20.781;20.781;59.276653;18.007067;true;20.668;20.781;59.276653;18.007067;true
1783367307199;2026-07-06T19:48:27.199Z;1581.832;20.927;20.927;59.276627;18.007019;true;20.771;20.927;59.276627;18.007019;true
1783367307399;2026-07-06T19:48:27.399Z;1586.032;21.072;21.072;59.276596;18.006973;true;21.276;21.072;59.276596;18.006973;true
1783367307599;2026-07-06T19:48:27.599Z;1590.261;21.216;21.216;59.276566;18.006929;true;21.403;21.216;59.276566;18.006929;true
1783367307799;2026-07-06T19:48:27.799Z;1594.519;21.359;21.359;59.276535;18.006884;true;21.264;21.359;59.276535;18.006884;true
1783367308000;2026-07-06T19:48:28Z;1598.805;21.501;21.501;59.276505;18.006838;true;21.472;21.501;59.276505;18.006838;true
1783367308199;2026-07-06T19:48:28.199Z;1603.119;21.641;21.641;59.276474;18.006792;true;21.904;21.641;59.276474;18.006792;true
1783367308399;2026-07-06T19:48:28.399Z;1607.461;21.781;21.781;59.276443;18.006746;true;21.908;21.781;59.276443;18.006746;true
1783367308599;2026-07-06T19:48:28.599Z;1611.831;21.919;21.919;59.276413;18.006701;true;22.027;21.919;59.276413;18.006701;true
1783367308799;2026-07-06T19:48:28.799Z;1616.228;22.055;22.055;59.276382;18.006653;true;21.420;22.055;59.276382;18.006653;true
1783367309000;2026-07-06T19:48:29Z;1620.653;22.191;22.191;59.276348;18.006607;true;22.740;22.191;59.276348;18.006607;true
1783367309199;2026-07-06T19:48:29.199Z;1625.105;22.325;22.325;59.276318;18.006559;true;22.793;22.325;59.276318;18.006559;true
1783367309399;2026-07-06T19:48:29.399Z;1629.583;22.458;22.458;59.276287;18.006512;true;21.977;22.458;59.276287;18.006512;true
1783367309599;2026-07-06T19:48:29.599Z;1634.088;22.590;22.590;59.276253;18.006464;true;22.469;22.590;59.276253;18.006464;true
1783367309799;2026-07-06T19:48:29.799Z;1638.619;22.721;22.721;59.276222;18.006416;true;23.853;22.721;59.276222;18.006416;true
1783367310000;2026-07-06T19:48:30Z;1643.176;22.851;22.851;59.276188;18.006367;true;23.241;22.851;59.276188;18.006367;true
1783367310199;2026-07-06T19:48:30.199Z;1647.760;22.979;22.979;59.276154;18.006319;true;22.928;22.979;59.276154;18.006319;false
1783367310399;2026-07-06T19:48:30.399Z;1652.368;23.107;23.107;59.276123;18.006269;true;23.641;23.107;59.276123;18.006269;false
1783367310599;2026-07-06T19:48:30.599Z;1657.002;23.233;23.233;59.276089;18.006220;true;22.994;23.233;59.276089;18.006220;false
1783367310799;2026-07-06T19:48:30.799Z;1661.661;23.358;23.358;59.276054;18.006172;true;23.622;23.358;59.276054;18.006172;false
1783367311000;2026-07-06T19:48:31Z;1666.345;23.483;23.483;59.276024;18.006121;true;23.029;23.483;59.276024;18.006121;false
1783367311199;2026-07-06T19:48:31.199Z;1671.054;23.606;23.606;59.275990;18.006071;true;24.254;23.606;59.275990;18.006071;false
1783367311399;2026-07-06T19:48:31.399Z;1675.788;23.729;23.729;59.275955;18.006021;true;24.163;23.729;59.275955;18.006021;false
1783367311599;2026-07-06T19:48:31.599Z;1680.546;23.851;23.851;59.275921;18.005972;true;23.914;23.851;59.275921;18.005972;false
1783367311799;2026-07-06T19:48:31.799Z;1685.328;23.972;23.972;59.275887;18.005920;true;24.330;23.972;59.275887;18.005920;false
1783367312000;2026-07-06T19:48:32Z;1690.135;24.093;24.093;59.275852;18.005869;true;24.084;24.093;59.275852;18.005869;false
1783367312199;2026-07-06T19:48:32.199Z;1694.965;24.213;24.213;59.275818;18.005817;true;23.332;24.213;59.275818;18.005817;false
1783367312399;2026-07-06T19:48:32.399Z;1699.820;24.333;24.333;59.275784;18.005766;true;24.406;24.333;59.275784;18.005766;false
1783367312599;2026-07-06T19:48:32.599Z;1704.698;24.451;24.451;59.275749;18.005714;true;25.078;24.451;59.275749;18.005714;false
1783367312799;2026-07-06T19:48:32.799Z;1709.600;24.569;24.569;59.275711;18.005663;true;24.279;24.569;59.275711;18.005663;false
1783367313000;2026-07-06T19:48:33Z;1714.526;24.687;24.687;59.275677;18.005611;true;25.197;24.687;59.275677;18.005611;false
1783367313199;2026-07-06T19:48:33.199Z;1719.475;24.803;24.803;59.275642;18.005562;true;24.083;24.803;59.275642;18.005562;false
1783367313399;2026-07-06T19:48:33.399Z;1724.447;24.919;24.919;59.275604;18.005510;true;25.675;24.919;59.275604;18.005510;false
1783367313599;2026-07-06T19:48:33.599Z;1729.442;25.033;25.033;59.275570;18.005459;true;23.850;25.033;59.275570;18.005459;false
1783367313799;2026-07-06T19:48:33.799Z;1734.461;25.147;25.147;59.275532;18.005407;true;24.991;25.147;59.275532;18.005407;false
1783367314000;2026-07-06T19:48:34Z;1739.501;25.259;25.259;59.275497;18.005356;true;24.976;25.259;59.275497;18.005356;false
1783367314199;2026-07-06T19:48:34.199Z;1744.560;25.329;25.329;59.275459;18.005304;true;25.428;25.329;59.275459;18.005304;false
1783367314399;2026-07-06T19:48:34.399Z;1749.633;25.398;25.398;59.275421;18.005253;true;24.783;25.398;59.275421;18.005253;false
1783367314599;2026-07-06T19:48:34.599Z;1754.719;25.467;25.467;59.275387;18.005199;true;25.524;25.467;59.275387;18.005199;false
1783367314799;2026-07-06T19:48:34.799Z;1759.819;25.534;25.534;59.275349;18.005146;true;25.913;25.534;59.275349;18.005146;false
1783367315000;2026-07-06T19:48:35Z;1764.933;25.602;25.602;59.275311;18.005095;true;25.578;25.602;59.275311;18.005095;false
1783367315199;2026-07-06T19:48:35.199Z;1770.060;25.668;25.668;59.275272;18.005041;true;25.038;25.668;59.275272;18.005041;false
1783367315399;2026-07-06T19:48:35.399Z;1775.200;25.734;25.734;59.275238;18.004988;true;24.865;25.734;59.275238;18.004988;false
1783367315599;2026-07-06T19:48:35.599Z;1780.354;25.800;25.800;59.275200;18.004932;true;24.978;25.800;59.275200;18.004932;false
1783367315799;2026-07-06T19:48:35.799Z;1785.520;25.865;25.865;59.275162;18.004879;true;25.479;25.865;59.275162;18.004879;false
1783367316000;2026-07-06T19:48:36Z;1790.699;25.929;25.929;59.275124;18.004826;true;25.697;25.929;59.275124;18.004826;false
1783367316199;2026-07-06T19:48:36.199Z;1795.892;25.993;25.993;59.275089;18.004772;true;25.933;25.993;59.275089;18.004772;false
1783367316399;2026-07-06T19:48:36.399Z;1801.096;26.056;26.056;59.275051;18.004717;true;25.907;26.056;59.275051;18.004717;false
1783367316599;2026-07-06T19:48:36.599Z;1806.314;26.119;26.119;59.275013;18.004663;true;25.259;26.119;59.275013;18.004663;false
1783367316799;2026-07-06T19:48:36.799Z;1811.544;26.182;26.182;59.274979;18.004608;true;26.452;26.182;59.274979;18.004608;false
1783367317000;2026-07-06T19:48:37Z;1816.787;26.245;26.245;59.274940;18.004553;true;26.405;26.245;59.274940;18.004553;false
1783367317199;2026-07-06T19:48:37.199Z;1822.042;26.308;26.308;59.274902;18.004499;true;25.698;26.308;59.274902;18.004499;false
1783367317399;2026-07-06T19:48:37.399Z;1827.310;26.370;26.370;59.274864;18.004444;true;26.730;26.370;59.274864;18.004444;false
1783367317599;2026-07-06T19:48:37.599Z;1832.590;26.433;26.433;59.274830;18.004389;true;26.586;26.433;59.274830;18.004389;false
1783367317799;2026-07-06T19:48:37.799Z;1837.883;26.495;26.495;59.274792;18.004333;true;26.947;26.495;59.274792;18.004333;false
1783367318000;2026-07-06T19:48:38Z;1843.188;26.557;26.557;59.274750;18.004278;true;25.944;26.557;59.274750;18.004278;false
1783367318199;2026-07-06T19:48:38.199Z;1848.506;26.618;26.618;59.274712;18.004223;true;27.942;26.618;59.274712;18.004223;false
1783367318399;2026-07-06T19:48:38.399Z;1853.836;26.680;26.680;59.274673;18.004168;true;26.462;26.680;59.274673;18.004168;false
1783367318599;2026-07-06T19:48:38.599Z;1859.178;26.741;26.741;59.274635;18.004112;true;26.340;26.741;59.274635;18.004112;false
1783367318799;2026-07-06T19:48:38.799Z;1864.532;26.802;26.802;59.274597;18.004057;true;26.786;26.802;59.274597;18.004057;false
1783367319000;2026-07-06T19:48:39Z;1869.898;26.863;26.863;59.274563;18.004013;true;26.271;26.863;59.274563;18.004013;false
1783367319199;2026-07-06T19:48:39.199Z;1875.277;26.923;26.923;59.274517;18.003948;true;27.787;26.923;59.274517;18.003948;false
1783367319399;2026-07-06T19:48:39.399Z;1880.668;26.983;26.983;59.274479;18.003891;true;26.810;26.983;59.274479;18.003891;false
1783367319599;2026-07-06T19:48:39.599Z;1886.070;27.044;27.044;59.274441;18.003836;true;26.279;27.044;59.274441;18.003836;false
1783367319799;2026-07-06T19:48:39.799Z;1891.485;27.103;27.103;59.274403;18.003778;true;26.183;27.103;59.274403;18.003778;false
1783367320000;2026-07-06T19:48:40Z;1896.912;27.163;27.163;59.274364;18.003723;true;26.504;27.163;59.274364;18.003723;false
1783367320199;2026-07-06T19:48:40.199Z;1902.350;27.222;27.222;59.274326;18.003666;true;27.610;27.222;59.274326;18.003666;false
1783367320399;2026-07-06T19:48:40.399Z;1907.801;27.282;27.282;59.274288;18.003609;true;26.573;27.282;59.274288;18.003609;false
1783367320599;2026-07-06T19:48:40.599Z;1913.263;27.341;27.341;59.274250;18.003551;true;27.483;27.341;59.274250;18.003551;false
1783367320799;2026-07-06T19:48:40.799Z;1918.737;27.399;27.399;59.274212;18.003494;true;27.931;27.399;59.274212;18.003494;false
1783367321000;2026-07-06T19:48:41Z;1924.222;27.458;27.458;59.274174;18.003437;true;27.117;27.458;59.274174;18.003437;false
1783367321199;2026-07-06T19:48:41.199Z;1929.720;27.516;27.516;59.274132;18.003380;true;27.311;27.516;59.274132;18.003380;false
1783367321399;2026-07-06T19:48:41.399Z;1935.229;27.574;27.574;59.274094;18.003323;true;26.328;27.574;59.274094;18.003323;false
1783367321599;2026-07-06T19:48:41.599Z;1940.750;27.632;27.632;59.274055;18.003265;true;28.158;27.632;59.274055;18.003265;false
1783367321799;2026-07-06T19:48:41.799Z;1946.282;27.690;27.690;59.274017;18.003208;true;28.906;27.690;59.274017;18.003208;false
1783367322000;2026-07-06T19:48:42Z;1951.826;27.748;27.748;59.273979;18.003149;true;27.724;27.748;59.273979;18.003149;false
1783367322199;2026-07-06T19:48:42.199Z;1957.381;27.806;27.806;59.273937;18.003092;true;27.634;27.806;59.273937;18.003092;false
1783367322399;2026-07-06T19:48:42.399Z;1962.948;27.863;27.863;59.273899;18.003035;true;27.426;27.863;59.273899;18.003035;false
1783367322599;2026-07-06T19:48:42.599Z;1968.526;27.920;27.920;59.273861;18.002975;true;28.291;27.920;59.273861;18.002975;false
1783367322799;2026-07-06T19:48:42.799Z;1974.116;27.976;27.976;59.273819;18.002916;true;27.527;27.976;59.273819;18.002916;false
1783367323000;2026-07-06T19:48:43Z;1979.717;28.031;28.031;59.273781;18.002857;true;28.486;28.031;59.273781;18.002857;false
1783367323199;2026-07-06T19:48:43.199Z;1985.328;28.084;28.084;59.273743;18.002798;true;27.734;28.084;59.273743;18.002798;false
1783367323399;2026-07-06T19:48:43.399Z;1990.950;28.137;28.137;59.273701;18.002739;true;28.228;28.137;59.273701;18.002739;false
1783367323599;2026-07-06T19:48:43.599Z;1996.583;28.189;28.189;59.273663;18.002680;true;27.831;28.189;59.273663;18.002680;false
1783367323799;2026-07-06T19:48:43.799Z;2002.226;28.240;28.240;59.273621;18.002619;true;28.703;28.240;59.273621;18.002619;false
1783367324000;2026-07-06T19:48:44Z;2007.879;28.290;28.290;59.273582;18.002560;true;28.016;28.290;59.273582;18.002560;false
1783367324199;2026-07-06T19:48:44.199Z;2013.542;28.339;28.339;59.273540;18.002501;true;28.778;28.339;59.273540;18.002501;false
1783367324399;2026-07-06T19:48:44.399Z;2019.214;28.387;28.387;59.273502;18.002441;true;27.597;28.387;59.273502;18.002441;false
1783367324599;2026-07-06T19:48:44.599Z;2024.897;28.434;28.434;59.273460;18.002380;true;29.837;28.434;59.273460;18.002380;false
1783367324799;2026-07-06T19:48:44.799Z;2030.588;28.480;28.480;59.273422;18.002321;true;28.712;28.480;59.273422;18.002321;false
1783367325000;2026-07-06T19:48:45Z;2036.288;28.525;28.525;59.273380;18.002260;true;28.474;28.525;59.273380;18.002260;false
1783367325199;2026-07-06T19:48:45.199Z;2041.998;28.569;28.569;59.273338;18.002201;true;27.728;28.569;59.273338;18.002201;false
1783367325399;2026-07-06T19:48:45.399Z;2047.716;28.612;28.612;59.273300;18.002140;true;28.408;28.612;59.273300;18.002140;false
1783367325599;2026-07-06T19:48:45.599Z;2053.443;28.655;28.655;59.273258;18.002079;true;28.858;28.655;59.273258;18.002079;false
1783367325799;2026-07-06T19:48:45.799Z;2059.178;28.698;28.698;59.273220;18.002020;true;28.688;28.698;59.273220;18.002020;false
1783367326000;2026-07-06T19:48:46Z;2064.922;28.740;28.740;59.273178;18.001959;true;29.486;28.740;59.273178;18.001959;false
1783367326199;2026-07-06T19:48:46.199Z;2070.674;28.783;28.783;59.273136;18.001898;true;28.601;28.783;59.273136;18.001898;false
1783367326399;2026-07-06T19:48:46.399Z;2076.435;28.826;28.826;59.273098;18.001837;true;29.036;28.826;59.273098;18.001837;false
1783367326599;2026-07-06T19:48:46.599Z;2082.204;28.868;28.868;59.273056;18.001776;true;29.121;28.868;59.273056;18.001776;false
1783367326799;2026-07-06T19:48:46.799Z;2087.982;28.910;28.910;59.273014;18.001715;true;28.365;28.910;59.273014;18.001715;false
1783367327000;2026-07-06T19:48:47Z;2093.768;28.952;28.952;59.272972;18.001654;true;28.784;28.952;59.272972;18.001654;false
1783367327199;2026-07-06T19:48:47.199Z;2099.563;28.995;28.995;59.272934;18.001593;true;29.242;28.995;59.272934;18.001593;false
1783367327399;2026-07-06T19:48:47.399Z;2105.366;29.037;29.037;59.272892;18.001530;true;28.719;29.037;59.272892;18.001530;false
1783367327599;2026-07-06T19:48:47.599Z;2111.178;29.079;29.079;59.272850;18.001469;true;28.674;29.079;59.272850;18.001469;false
1783367327799;2026-07-06T19:48:47.799Z;2116.998;29.121;29.121;59.272808;18.001408;true;29.028;29.121;59.272808;18.001408;false
1783367328000;2026-07-06T19:48:48Z;2122.826;29.163;29.163;59.272766;18.001347;true;28.365;29.163;59.272766;18.001347;false
1783367328199;2026-07-06T19:48:48.199Z;2128.663;29.205;29.205;59.272728;18.001284;true;28.450;29.205;59.272728;18.001284;false
1783367328399;2026-07-06T19:48:48.399Z;2134.508;29.247;29.247;59.272686;18.001223;true;30.593;29.247;59.272686;18.001223;false
1783367328599;2026-07-06T19:48:48.599Z;2140.362;29.289;29.289;59.272644;18.001160;true;29.166;29.289;59.272644;18.001160;false
1783367328799;2026-07-06T19:48:48.799Z;2146.224;29.331;29.331;59.272602;18.001099;true;28.617;29.331;59.272602;18.001099;false
1783367329000;2026-07-06T19:48:49Z;2152.094;29.373;29.373;59.272560;18.001036;true;29.506;29.373;59.272560;18.001036;false
1783367329199;2026-07-06T19:48:49.199Z;2157.973;29.415;29.415;59.272518;18.000973;true;29.205;29.415;59.272518;18.000973;false
1783367329399;2026-07-06T19:48:49.399Z;2163.860;29.457;29.457;59.272480;18.000910;true;30.502;29.457;59.272480;18.000910;false
1783367329599;2026-07-06T19:48:49.599Z;2169.755;29.498;29.498;59.272438;18.000847;true;29.523;29.498;59.272438;18.000847;false
1783367329799;2026-07-06T19:48:49.799Z;2175.659;29.540;29.540;59.272396;18.000784;true;29.682;29.540;59.272396;18.000784;false
1783367330000;2026-07-06T19:48:50Z;2181.572;29.582;29.582;59.272354;18.000719;true;29.971;29.582;59.272354;18.000719;false
1783367330199;2026-07-06T19:48:50.199Z;2187.492;29.623;29.623;59.272312;18.000654;true;30.004;29.623;59.272312;18.000654;false
1783367330399;2026-07-06T19:48:50.399Z;2193.421;29.665;29.665;59.272266;18.000589;true;29.664;29.665;59.272266;18.000589;false
1783367330599;2026-07-06T19:48:50.599Z;2199.358;29.706;29.706;59.272224;18.000526;true;29.407;29.706;59.272224;18.000526;false
1783367330799;2026-07-06T19:48:50.799Z;2205.303;29.747;29.747;59.272182;18.000462;true;29.164;29.747;59.272182;18.000462;false
1783367331000;2026-07-06T19:48:51Z;2211.257;29.788;29.788;59.272141;18.000397;true;29.180;29.788;59.272141;18.000397;false
1783367331199;2026-07-06T19:48:51.199Z;2217.218;29.829;29.829;59.272099;18.000332;true;29.659;29.829;59.272099;18.000332;false
1783367331399;2026-07-06T19:48:51.399Z;2223.188;29.869;29.869;59.272057;18.000267;true;29.961;29.869;59.272057;18.000267;false
1783367331599;2026-07-06T19:48:51.599Z;2229.166;29.910;29.910;59.272011;18.000202;true;30.442;29.910;59.272011;18.000202;false
1783367331799;2026-07-06T19:48:51.799Z;2235.152;29.950;29.950;59.271969;18.000137;true;29.908;29.950;59.271969;18.000137;false
1783367332000;2026-07-06T19:48:52Z;2241.146;29.990;29.990;59.271927;18.000072;true;30.220;29.990;59.271927;18.000072;false
1783367332199;2026-07-06T19:48:52.199Z;2247.148;30.030;30.030;59.271885;18.000008;true;30.451;30.030;59.271885;18.000008;false
1783367332399;2026-07-06T19:48:52.399Z;2253.158;30.069;30.069;59.271843;17.999943;true;29.248;30.069;59.271843;17.999943;false
1783367332599;2026-07-06T19:48:52.599Z;2259.176;30.108;30.108;59.271801;17.999878;true;30.053;30.108;59.271801;17.999878;false
1783367332799;2026-07-06T19:48:52.799Z;2265.201;30.147;30.147;59.271755;17.999813;true;29.071;30.147;59.271755;17.999813;false
1783367333000;2026-07-06T19:48:53Z;2271.235;30.186;30.186;59.271713;17.999748;true;30.528;30.186;59.271713;17.999748;false
1783367333199;2026-07-06T19:48:53.199Z;2277.276;30.225;30.225;59.271671;17.999683;true;29.735;30.225;59.271671;17.999683;false
1783367333399;2026-07-06T19:48:53.399Z;2283.325;30.263;30.263;59.271629;17.999619;true;30.258;30.263;59.271629;17.999619;false
1783367333599;2026-07-06T19:48:53.599Z;2289.381;30.301;30.301;59.271584;17.999554;true;30.237;30.301;59.271584;17.999554;false
1783367333799;2026-07-06T19:48:53.799Z;2295.445;30.339;30.339;59.271542;17.999489;true;29.538;30.339;59.271542;17.999489;false
1783367334000;2026-07-06T19:48:54Z;2301.517;30.377;30.377;59.271496;17.999426;true;30.462;30.377;59.271496;17.999426;false
1783367334199;2026-07-06T19:48:54.199Z;2307.596;30.414;30.414;59.271454;17.999363;true;30.012;30.414;59.271454;17.999363;false
1783367334399;2026-07-06T19:48:54.399Z;2313.682;30.451;30.451;59.271408;17.999300;true;30.237;30.451;59.271408;17.999300;false
1783367334599;2026-07-06T19:48:54.599Z;2319.776;30.488;30.488;59.271366;17.999237;true;31.069;30.488;59.271366;17.999237;false
1783367334799;2026-07-06T19:48:54.799Z;2325.877;30.525;30.525;59.271320;17.999174;true;29.783;30.525;59.271320;17.999174;false
1783367335000;2026-07-06T19:48:55Z;2331.986;30.561;30.561;59.271275;17.999113;true;29.593;30.561;59.271275;17.999113;false
1783367335199;2026-07-06T19:48:55.199Z;2338.102;30.597;30.597;59.271229;17.999056;true;29.988;30.597;59.271229;17.999056;false
1783367335399;2026-07-06T19:48:55.399Z;2344.225;30.633;30.633;59.271183;17.998997;true;30.785;30.633;59.271183;17.998997;false
1783367335599;2026-07-06T19:48:55.599Z;2350.355;30.669;30.669;59.271137;17.998938;true;30.714;30.669;59.271137;17.998938;false
1783367335799;2026-07-06T19:48:55.799Z;2356.492;30.705;30.705;59.271091;17.998880;true;30.262;30.705;59.271091;17.998880;false
1783367336000;2026-07-06T19:48:56Z;2362.637;30.740;30.740;59.271046;17.998821;true;31.889;30.740;59.271046;17.998821;false
1783367336199;2026-07-06T19:48:56.199Z;2368.788;30.775;30.775;59.270996;17.998762;true;30.568;30.775;59.270996;17.998762;false
1783367336399;2026-07-06T19:48:56.399Z;2374.947;30.810;30.810;59.270950;17.998703;true;31.299;30.810;59.270950;17.998703;false
1783367336599;2026-07-06T19:48:56.599Z;2381.113;30.845;30.845;59.270905;17.998644;true;31.107;30.845;59.270905;17.998644;false
1783367336799;2026-07-06T19:48:56.799Z;2387.285;30.880;30.880;59.270859;17.998585;true;31.369;30.880;59.270859;17.998585;false
1783367337000;2026-07-06T19:48:57Z;2393.465;30.915;30.915;59.270813;17.998526;true;31.744;30.915;59.270813;17.998526;false
1783367337199;2026-07-06T19:48:57.199Z;2399.651;30.950;30.950;59.270763;17.998466;true;30.918;30.950;59.270763;17.998466;false
1783367337399;2026-07-06T19:48:57.399Z;2405.845;30.985;30.985;59.270718;17.998413;true;30.492;30.985;59.270718;17.998413;false
1783367337599;2026-07-06T19:48:57.599Z;2412.045;31.019;31.019;59.270668;17.998360;true;30.700;31.019;59.270668;17.998360;false
1783367337799;2026-07-06T19:48:57.799Z;2418.253;31.054;31.054;59.270622;17.998306;true;31.598;31.054;59.270622;17.998306;false
1783367338000;2026-07-06T19:48:58Z;2424.467;31.088;31.088;59.270573;17.998251;true;30.641;31.088;59.270573;17.998251;false
1783367338199;2026-07-06T19:48:58.199Z;2430.688;31.123;31.123;59.270523;17.998198;true;30.824;31.123;59.270523;17.998198;false
1783367338399;2026-07-06T19:48:58.399Z;2436.916;31.157;31.157;59.270477;17.998144;true;31.266;31.157;59.270477;17.998144;false
1783367338599;2026-07-06T19:48:58.599Z;2443.151;31.191;31.191;59.270428;17.998091;true;30.640;31.191;59.270428;17.998091;false
1783367338799;2026-07-06T19:48:58.799Z;2449.392;31.225;31.225;59.270378;17.998043;true;31.703;31.225;59.270378;17.998043;false
1783367339000;2026-07-06T19:48:59Z;2455.641;31.259;31.259;59.270325;17.997995;true;30.092;31.259;59.270325;17.997995;false
1783367339199;2026-07-06T19:48:59.199Z;2461.896;31.293;31.293;59.270275;17.997950;true;31.662;31.293;59.270275;17.997950;false
1783367339399;2026-07-06T19:48:59.399Z;2468.158;31.327;31.327;59.270222;17.997902;true;31.308;31.327;59.270222;17.997902;false
1783367339599;2026-07-06T19:48:59.599Z;2474.427;31.361;31.361;59.270168;17.997856;true;31.646;31.361;59.270168;17.997856;false
1783367339799;2026-07-06T19:48:59.799Z;2480.702;31.394;31.394;59.270119;17.997808;true;31.636;31.394;59.270119;17.997808;false
1783367340000;2026-07-06T19:49:00Z;2486.984;31.428;31.428;59.270065;17.997763;true;31.982;31.428;59.270065;17.997763;false
1783367340199;2026-07-06T19:49:00.199Z;2493.273;31.462;31.462;59.270016;17.997717;true;32.357;31.462;59.270016;17.997717;false
1783367340399;2026-07-06T19:49:00.399Z;2499.569;31.495;31.495;59.269962;17.997677;true;31.821;31.495;59.269962;17.997677;false
1783367340599;2026-07-06T19:49:00.599Z;2505.871;31.528;31.528;59.269913;17.997635;true;31.411;31.528;59.269913;17.997635;false
1783367340799;2026-07-06T19:49:00.799Z;2512.180;31.562;31.562;59.269859;17.997593;true;31.073;31.562;59.269859;17.997593;false
1783367341000;2026-07-06T19:49:01Z;2518.496;31.595;31.595;59.269810;17.997551;true;31.673;31.595;59.269810;17.997551;false
1783367341199;2026-07-06T19:49:01.199Z;2524.818;31.628;31.628;59.269756;17.997511;true;32.803;31.628;59.269756;17.997511;false
1783367341399;2026-07-06T19:49:01.399Z;2531.147;31.661;31.661;59.269703;17.997469;true;32.471;31.661;59.269703;17.997469;false
1783367341599;2026-07-06T19:49:01.599Z;2537.483;31.694;31.694;59.269653;17.997427;true;31.395;31.694;59.269653;17.997427;false
1783367341799;2026-07-06T19:49:01.799Z;2543.825;31.727;31.727;59.269600;17.997385;true;31.535;31.727;59.269600;17.997385;false
1783367342000;2026-07-06T19:49:02Z;2550.174;31.760;31.760;59.269547;17.997347;true;31.991;31.760;59.269547;17.997347;false
1783367342199;2026-07-06T19:49:02.199Z;2556.529;31.793;31.793;59.269493;17.997313;true;30.994;31.793;59.269493;17.997313;false
1783367342399;2026-07-06T19:49:02.399Z;2562.891;31.825;31.825;59.269440;17.997280;true;32.666;31.825;59.269440;17.997280;false
1783367342599;2026-07-06T19:49:02.599Z;2569.259;31.858;31.858;59.269382;17.997248;true;31.972;31.858;59.269382;17.997248;false
1783367342799;2026-07-06T19:49:02.799Z;2575.634;31.890;31.890;59.269329;17.997213;true;32.055;31.890;59.269329;17.997213;false
1783367343000;2026-07-06T19:49:03Z;2582.015;31.923;31.923;59.269276;17.997181;true;31.796;31.923;59.269276;17.997181;false
1783367343199;2026-07-06T19:49:03.199Z;2588.403;31.955;31.955;59.269222;17.997147;true;30.887;31.955;59.269222;17.997147;false
1783367343399;2026-07-06T19:49:03.399Z;2594.797;31.987;31.987;59.269165;17.997114;true;31.853;31.987;59.269165;17.997114;false
1783367343599;2026-07-06T19:49:03.599Z;2601.198;32.020;32.020;59.269112;17.997080;true;31.242;32.020;59.269112;17.997080;false
1783367343799;2026-07-06T19:49:03.799Z;2607.605;32.052;32.052;59.269054;17.997051;true;32.082;32.052;59.269054;17.997051;false
1783367344000;2026-07-06T19:49:04Z;2614.018;32.083;32.083;59.268997;17.997026;true;30.975;32.083;59.268997;17.997026;false
1783367344199;2026-07-06T19:49:04.199Z;2620.438;32.115;32.115;59.268940;17.997000;true;32.395;32.115;59.268940;17.997000;false
1783367344399;2026-07-06T19:49:04.399Z;2626.864;32.146;32.146;59.268883;17.996973;true;33.040;32.146;59.268883;17.996973;false
1783367344599;2026-07-06T19:49:04.599Z;2633.297;32.178;32.178;59.268826;17.996948;true;32.416;32.178;59.268826;17.996948;false
1783367344799;2026-07-06T19:49:04.799Z;2639.735;32.209;32.209;59.268768;17.996922;true;31.845;32.209;59.268768;17.996922;false
1783367345000;2026-07-06T19:49:05Z;2646.180;32.240;32.240;59.268711;17.996895;true;32.550;32.240;59.268711;17.996895;false
1783367345199;2026-07-06T19:49:05.199Z;2652.631;32.270;32.270;59.268654;17.996870;true;32.122;32.270;59.268654;17.996870;false
1783367345399;2026-07-06T19:49:05.399Z;2659.088;32.301;32.301;59.268600;17.996849;true;32.604;32.301;59.268600;17.996849;false
1783367345599;2026-07-06T19:49:05.599Z;2665.552;32.331;32.331;59.268543;17.996826;true;33.218;32.331;59.268543;17.996826;false
1783367345799;2026-07-06T19:49:05.799Z;2672.021;32.361;32.361;59.268486;17.996805;true;33.187;32.361;59.268486;17.996805;false
1783367346000;2026-07-06T19:49:06Z;2678.496;32.391;32.391;59.268429;17.996784;true;32.907;32.391;59.268429;17.996784;false
1783367346199;2026-07-06T19:49:06.199Z;2684.977;32.421;32.421;59.268372;17.996761;true;32.443;32.421;59.268372;17.996761;false
1783367346399;2026-07-06T19:49:06.399Z;2691.464;32.450;32.450;59.268318;17.996740;true;31.967;32.450;59.268318;17.996740;false
1783367346599;2026-07-06T19:49:06.599Z;2697.957;32.480;32.480;59.268261;17.996719;true;33.433;32.480;59.268261;17.996719;false
1783367346799;2026-07-06T19:49:06.799Z;2704.456;32.509;32.509;59.268204;17.996704;true;31.976;32.509;59.268204;17.996704;false
1783367347000;2026-07-06T19:49:07Z;2710.961;32.538;32.538;59.268143;17.996691;true;31.548;32.538;59.268143;17.996691;false
1783367347199;2026-07-06T19:49:07.199Z;2717.471;32.567;32.567;59.268085;17.996677;true;32.761;32.567;59.268085;17.996677;false
1783367347399;2026-07-06T19:49:07.399Z;2723.988;32.595;32.595;59.268028;17.996664;true;31.675;32.595;59.268028;17.996664;false
1783367347599;2026-07-06T19:49:07.599Z;2730.509;32.624;32.624;59.267967;17.996649;true;31.782;32.624;59.267967;17.996649;false
1783367347799;2026-07-06T19:49:07.799Z;2737.037;32.652;32.652;59.267910;17.996635;true;32.550;32.652;59.267910;17.996635;false
1783367348000;2026-07-06T19:49:08Z;2743.570;32.680;32.680;59.267853;17.996622;true;32.742;32.680;59.267853;17.996622;false
1783367348199;2026-07-06T19:49:08.199Z;2750.109;32.708;32.708;59.267796;17.996609;true;33.082;32.708;59.267796;17.996609;false
1783367348399;2026-07-06T19:49:08.399Z;2756.653;32.736;32.736;59.267735;17.996595;true;32.961;32.736;59.267735;17.996595;false
1783367348599;2026-07-06T19:49:08.599Z;2763.203;32.763;32.763;59.267677;17.996580;true;32.798;32.763;59.267677;17.996580;false
1783367348799;2026-07-06T19:49:08.799Z;2769.759;32.791;32.791;59.267616;17.996574;true;33.321;32.791;59.267616;17.996574;false
1783367349000;2026-07-06T19:49:09Z;2776.320;32.819;32.819;59.267559;17.996571;true;33.823;32.819;59.267559;17.996571;false
1783367349199;2026-07-06T19:49:09.199Z;2782.886;32.846;32.846;59.267502;17.996567;true;33.280;32.846;59.267502;17.996567;false
1783367349399;2026-07-06T19:49:09.399Z;2789.458;32.874;32.874;59.267441;17.996565;true;33.058;32.874;59.267441;17.996565;false
1783367349599;2026-07-06T19:49:09.599Z;2796.036;32.901;32.901;59.267384;17.996561;true;33.494;32.901;59.267384;17.996561;false
1783367349799;2026-07-06T19:49:09.799Z;2802.619;32.928;32.928;59.267323;17.996559;true;32.271;32.928;59.267323;17.996559;false
1783367350000;2026-07-06T19:49:10Z;2809.207;32.955;32.955;59.267265;17.996555;true;33.660;32.955;59.267265;17.996555;false
1783367350199;2026-07-06T19:49:10.199Z;2815.801;32.983;32.983;59.267204;17.996553;true;33.668;32.983;59.267204;17.996553;false
1783367350399;2026-07-06T19:49:10.399Z;2822.400;33.010;33.010;59.267147;17.996555;true;32.492;33.010;59.267147;17.996555;false
1783367350599;2026-07-06T19:49:10.599Z;2829.005;33.037;33.037;59.267086;17.996559;true;33.018;33.037;59.267086;17.996559;false
1783367350799;2026-07-06T19:49:10.799Z;2835.615;33.064;33.064;59.267025;17.996561;true;32.644;33.064;59.267025;17.996561;false
1783367351000;2026-07-06T19:49:11Z;2842.230;33.091;33.091;59.266968;17.996565;true;33.601;33.091;59.266968;17.996565;false
1783367351199;2026-07-06T19:49:11.199Z;2848.851;33.119;33.119;59.266907;17.996569;true;32.126;33.119;59.266907;17.996569;false
1783367351399;2026-07-06T19:49:11.399Z;2855.478;33.146;33.146;59.266850;17.996571;true;33.345;33.146;59.266850;17.996571;false
1783367351599;2026-07-06T19:49:11.599Z;2862.110;33.174;33.174;59.266788;17.996578;true;32.834;33.174;59.266788;17.996578;false
1783367351799;2026-07-06T19:49:11.799Z;2868.747;33.201;33.201;59.266727;17.996586;true;34.765;33.201;59.266727;17.996586;false
1783367352000;2026-07-06T19:49:12Z;2875.390;33.229;33.229;59.266670;17.996593;true;32.552;33.229;59.266670;17.996593;false
1783367352199;2026-07-06T19:49:12.199Z;2882.039;33.256;33.256;59.266609;17.996601;true;32.129;33.256;59.266609;17.996601;false
1783367352399;2026-07-06T19:49:12.399Z;2888.693;33.284;33.284;59.266548;17.996609;true;33.019;33.284;59.266548;17.996609;false
1783367352599;2026-07-06T19:49:12.599Z;2895.352;33.313;33.313;59.266487;17.996616;true;33.244;33.313;59.266487;17.996616;false
1783367352799;2026-07-06T19:49:12.799Z;2902.018;33.341;33.341;59.266430;17.996624;true;33.785;33.341;59.266430;17.996624;false
1783367353000;2026-07-06T19:49:13Z;2908.689;33.369;33.369;59.266369;17.996632;true;32.598;33.369;59.266369;17.996632;false
1783367353199;2026-07-06T19:49:13.199Z;2915.365;33.398;33.398;59.266308;17.996643;true;33.578;33.398;59.266308;17.996643;false
1783367353399;2026-07-06T19:49:13.399Z;2922.045;33.397;33.397;59.266251;17.996656;true;34.149;33.397;59.266251;17.996656;false
1783367353599;2026-07-06T19:49:13.599Z;2928.724;33.396;33.396;59.266190;17.996670;true;32.557;33.396;59.266190;17.996670;false
1783367353799;2026-07-06T19:49:13.799Z;2935.403;33.390;33.390;59.266132;17.996683;true;32.249;33.390;59.266132;17.996683;false
1783367354000;2026-07-06T19:49:14Z;2942.080;33.385;33.385;59.266071;17.996698;true;33.529;33.385;59.266071;17.996698;false
1783367354199;2026-07-06T19:49:14.199Z;2948.757;33.380;33.380;59.266014;17.996712;true;32.679;33.380;59.266014;17.996712;false
1783367354399;2026-07-06T19:49:14.399Z;2955.432;33.375;33.375;59.265957;17.996727;true;33.691;33.375;59.265957;17.996727;false
1783367354599;2026-07-06T19:49:14.599Z;2962.107;33.370;33.370;59.265896;17.996746;true;33.135;33.370;59.265896;17.996746;false
1783367354799;2026-07-06T19:49:14.799Z;2968.780;33.365;33.365;59.265839;17.996767;true;33.537;33.365;59.265839;17.996767;false
1783367355000;2026-07-06T19:49:15Z;2975.453;33.361;33.361;59.265778;17.996786;true;32.924;33.361;59.265778;17.996786;false
1783367355199;2026-07-06T19:49:15.199Z;2982.124;33.357;33.357;59.265720;17.996807;true;33.233;33.357;59.265720;17.996807;false
1783367355399;2026-07-06T19:49:15.399Z;2988.795;33.353;33.353;59.265659;17.996828;true;33.618;33.353;59.265659;17.996828;false
1783367355599;2026-07-06T19:49:15.599Z;2995.466;33.351;33.351;59.265602;17.996847;true;34.730;33.351;59.265602;17.996847;false
1783367355799;2026-07-06T19:49:15.799Z;3002.135;33.345;33.345;59.265541;17.996868;true;33.652;33.345;59.265541;17.996868;false
1783367356000;2026-07-06T19:49:16Z;3008.804;33.340;33.340;59.265484;17.996887;true;33.081;33.340;59.265484;17.996887;false
1783367356199;2026-07-06T19:49:16.199Z;3015.472;33.336;33.336;59.265423;17.996908;true;34.003;33.336;59.265423;17.996908;false
1783367356399;2026-07-06T19:49:16.399Z;3022.139;33.333;33.333;59.265366;17.996929;true;33.761;33.333;59.265366;17.996929;false
1783367356599;2026-07-06T19:49:16.599Z;3028.805;33.331;33.331;59.265308;17.996948;true;33.129;33.331;59.265308;17.996948;false
1783367356799;2026-07-06T19:49:16.799Z;3035.471;33.330;33.330;59.265247;17.996969;true;32.371;33.330;59.265247;17.996969;false
1783367357000;2026-07-06T19:49:17Z;3042.137;33.330;33.330;59.265190;17.996988;true;33.212;33.330;59.265190;17.996988;false
1783367357199;2026-07-06T19:49:17.199Z;3048.803;33.330;33.330;59.265129;17.997007;true;33.156;33.330;59.265129;17.997007;false
1783367357399;2026-07-06T19:49:17.399Z;3055.469;33.331;33.331;59.265068;17.997026;true;33.426;33.331;59.265068;17.997026;false
1783367357599;2026-07-06T19:49:17.599Z;3062.135;33.332;33.332;59.265011;17.997046;true;33.849;33.332;59.265011;17.997046;false
1783367357799;2026-07-06T19:49:17.799Z;3068.802;33.333;33.333;59.264950;17.997065;true;32.510;33.333;59.264950;17.997065;false
1783367358000;2026-07-06T19:49:18Z;3075.468;33.334;33.334;59.264893;17.997084;true;34.493;33.334;59.264893;17.997084;false
1783367358199;2026-07-06T19:49:18.199Z;3082.135;33.335;33.335;59.264832;17.997105;true;33.228;33.335;59.264832;17.997105;false
1783367358399;2026-07-06T19:49:18.399Z;3088.802;33.337;33.337;59.264774;17.997124;true;33.212;33.337;59.264774;17.997124;false
1783367358599;2026-07-06T19:49:18.599Z;3095.470;33.339;33.339;59.264713;17.997143;true;33.662;33.339;59.264713;17.997143;false
1783367358799;2026-07-06T19:49:18.799Z;3102.138;33.341;33.341;59.264656;17.997162;true;32.684;33.341;59.264656;17.997162;false
1783367359000;2026-07-06T19:49:19Z;3108.806;33.339;33.339;59.264595;17.997181;true;32.552;33.339;59.264595;17.997181;false
1783367359199;2026-07-06T19:49:19.199Z;3115.473;33.337;33.337;59.264538;17.997200;true;33.826;33.337;59.264538;17.997200;false
1783367359399;2026-07-06T19:49:19.399Z;3122.141;33.338;33.338;59.264477;17.997219;true;33.882;33.338;59.264477;17.997219;false
1783367359599;2026-07-06T19:49:19.599Z;3128.809;33.339;33.339;59.264416;17.997238;true;33.602;33.339;59.264416;17.997238;false
1783367359799;2026-07-06T19:49:19.799Z;3135.477;33.340;33.340;59.264359;17.997257;true;33.151;33.340;59.264359;17.997257;false
1783367360000;2026-07-06T19:49:20Z;3142.144;33.339;33.339;59.264297;17.997278;true;34.179;33.339;59.264297;17.997278;false
1783367360199;2026-07-06T19:49:20.199Z;3148.812;33.337;33.337;59.264240;17.997297;true;32.484;33.337;59.264240;17.997297;false
1783367360399;2026-07-06T19:49:20.399Z;3155.480;33.339;33.339;59.264179;17.997316;true;32.492;33.339;59.264179;17.997316;false
1783367360599;2026-07-06T19:49:20.599Z;3162.148;33.341;33.341;59.264122;17.997335;true;33.098;33.341;59.264122;17.997335;false
1783367360799;2026-07-06T19:49:20.799Z;3168.816;33.343;33.343;59.264061;17.997355;true;33.019;33.343;59.264061;17.997355;false
1783367361000;2026-07-06T19:49:21Z;3175.484;33.335;33.335;59.264004;17.997374;true;34.342;33.335;59.264004;17.997374;false
1783367361199;2026-07-06T19:49:21.199Z;3182.150;33.327;33.327;59.263943;17.997393;true;32.293;33.327;59.263943;17.997393;false
1783367361399;2026-07-06T19:49:21.399Z;3188.814;33.319;33.319;59.263885;17.997412;true;34.222;33.319;59.263885;17.997412;false
1783367361599;2026-07-06T19:49:21.599Z;3195.477;33.312;33.312;59.263824;17.997431;true;33.552;33.312;59.263824;17.997431;false
1783367361799;2026-07-06T19:49:21.799Z;3202.139;33.306;33.306;59.263763;17.997452;true;32.773;33.306;59.263763;17.997452;false
1783367362000;2026-07-06T19:49:22Z;3208.800;33.301;33.301;59.263706;17.997471;true;33.117;33.301;59.263706;17.997471;false
1783367362199;2026-07-06T19:49:22.199Z;3215.460;33.296;33.296;59.263645;17.997490;true;32.818;33.296;59.263645;17.997490;false
1783367362399;2026-07-06T19:49:22.399Z;3222.118;33.288;33.288;59.263588;17.997511;true;34.135;33.288;59.263588;17.997511;false
1783367362599;2026-07-06T19:49:22.599Z;3228.775;33.280;33.280;59.263531;17.997532;true;33.133;33.280;59.263531;17.997532;false
1783367362799;2026-07-06T19:49:22.799Z;3235.430;33.274;33.274;59.263470;17.997553;true;33.683;33.274;59.263470;17.997553;false
1783367363000;2026-07-06T19:49:23Z;3242.084;33.269;33.269;59.263412;17.997574;true;32.406;33.269;59.263412;17.997574;false
1783367363199;2026-07-06T19:49:23.199Z;3248.738;33.266;33.266;59.263351;17.997595;true;33.701;33.266;59.263351;17.997595;false
1783367363399;2026-07-06T19:49:23.399Z;3255.391;33.264;33.264;59.263294;17.997616;true;33.786;33.264;59.263294;17.997616;false
1783367363599;2026-07-06T19:49:23.599Z;3262.043;33.263;33.263;59.263237;17.997637;true;33.048;33.263;59.263237;17.997637;false
1783367363799;2026-07-06T19:49:23.799Z;3268.696;33.265;33.265;59.263176;17.997658;true;33.632;33.265;59.263176;17.997658;false
1783367364000;2026-07-06T19:49:24Z;3275.349;33.267;33.267;59.263119;17.997679;true;32.818;33.267;59.263119;17.997679;false
1783367364199;2026-07-06T19:49:24.199Z;3282.003;33.269;33.269;59.263058;17.997698;true;33.903;33.269;59.263058;17.997698;false
1783367364399;2026-07-06T19:49:24.399Z;3288.657;33.268;33.268;59.263000;17.997719;true;34.127;33.268;59.263000;17.997719;false
1783367364599;2026-07-06T19:49:24.599Z;3295.310;33.268;33.268;59.262943;17.997740;true;32.921;33.268;59.262943;17.997740;false
1783367364799;2026-07-06T19:49:24.799Z;3301.964;33.269;33.269;59.262882;17.997761;true;34.567;33.269;59.262882;17.997761;false
1783367365000;2026-07-06T19:49:25Z;3308.618;33.270;33.270;59.262825;17.997782;true;33.270;33.270;59.262825;17.997782;false
1783367365199;2026-07-06T19:49:25.199Z;3315.272;33.272;33.272;59.262768;17.997803;true;33.831;33.272;59.262768;17.997803;false
1783367365399;2026-07-06T19:49:25.399Z;3321.926;33.274;33.274;59.262707;17.997824;true;31.821;33.274;59.262707;17.997824;false
1783367365599;2026-07-06T19:49:25.599Z;3328.581;33.276;33.276;59.262650;17.997843;true;32.356;33.276;59.262650;17.997843;false
1783367365799;2026-07-06T19:49:25.799Z;3335.237;33.279;33.279;59.262589;17.997862;true;33.938;33.279;59.262589;17.997862;false
1783367366000;2026-07-06T19:49:26Z;3341.893;33.278;33.278;59.262531;17.997879;true;32.404;33.278;59.262531;17.997879;false
1783367366199;2026-07-06T19:49:26.199Z;3348.548;33.277;33.277;59.262470;17.997896;true;32.267;33.277;59.262470;17.997896;false
1783367366399;2026-07-06T19:49:26.399Z;3355.204;33.277;33.277;59.262413;17.997915;true;33.128;33.277;59.262413;17.997915;false
1783367366599;2026-07-06T19:49:26.599Z;3361.859;33.276;33.276;59.262352;17.997932;true;34.864;33.276;59.262352;17.997932;false
1783367366799;2026-07-06T19:49:26.799Z;3368.514;33.276;33.276;59.262295;17.997950;true;33.181;33.276;59.262295;17.997950;false
1783367367000;2026-07-06T19:49:27Z;3375.169;33.275;33.275;59.262234;17.997969;true;32.994;33.275;59.262234;17.997969;false
1783367367199;2026-07-06T19:49:27.199Z;3381.824;33.274;33.274;59.262173;17.997986;true;32.277;33.274;59.262173;17.997986;false
1783367367399;2026-07-06T19:49:27.399Z;3388.479;33.274;33.274;59.262115;17.998003;true;34.019;33.274;59.262115;17.998003;false
1783367367599;2026-07-06T19:49:27.599Z;3395.133;33.273;33.273;59.262058;17.998024;true;33.577;33.273;59.262058;17.998024;false
1783367367799;2026-07-06T19:49:27.799Z;3401.788;33.273;33.273;59.262001;17.998045;true;33.260;33.273;59.262001;17.998045;false
1783367368000;2026-07-06T19:49:28Z;3408.442;33.272;33.272;59.261940;17.998066;true;33.590;33.272;59.261940;17.998066;false
1783367368199;2026-07-06T19:49:28.199Z;3415.097;33.271;33.271;59.261883;17.998085;true;33.199;33.271;59.261883;17.998085;false
1783367368399;2026-07-06T19:49:28.399Z;3421.740;33.159;33.159;59.261826;17.998106;true;32.787;33.159;59.261826;17.998106;false
1783367368599;2026-07-06T19:49:28.599Z;3428.360;33.046;33.046;59.261768;17.998127;true;32.159;33.046;59.261768;17.998127;false
1783367368799;2026-07-06T19:49:28.799Z;3434.958;32.933;32.933;59.261711;17.998148;true;32.407;32.933;59.261711;17.998148;false
1783367369000;2026-07-06T19:49:29Z;3441.534;32.821;32.821;59.261654;17.998165;true;32.534;32.821;59.261654;17.998165;false
1783367369199;2026-07-06T19:49:29.199Z;3448.086;32.708;32.708;59.261593;17.998180;true;31.989;32.708;59.261593;17.998180;false
1783367369399;2026-07-06T19:49:29.399Z;3454.617;32.595;32.595;59.261536;17.998198;true;32.251;32.595;59.261536;17.998198;false
1783367369599;2026-07-06T19:49:29.599Z;3461.124;32.482;32.482;59.261475;17.998213;true;32.511;32.482;59.261475;17.998213;false
1783367369799;2026-07-06T19:49:29.799Z;3467.610;32.369;32.369;59.261417;17.998228;true;31.188;32.369;59.261417;17.998228;false
1783367370000;2026-07-06T19:49:30Z;3474.072;32.257;32.257;59.261360;17.998243;true;31.955;32.257;59.261360;17.998243;false
1783367370199;2026-07-06T19:49:30.199Z;3480.512;32.144;32.144;59.261299;17.998259;true;30.899;32.144;59.261299;17.998259;false
1783367370399;2026-07-06T19:49:30.399Z;3486.930;32.031;32.031;59.261242;17.998270;true;30.939;32.031;59.261242;17.998270;false
1783367370599;2026-07-06T19:49:30.599Z;3493.324;31.918;31.918;59.261189;17.998280;true;32.402;31.918;59.261189;17.998280;false
1783367370799;2026-07-06T19:49:30.799Z;3499.697;31.805;31.805;59.261131;17.998289;true;32.160;31.805;59.261131;17.998289;false
1783367371000;2026-07-06T19:49:31Z;3506.046;31.692;31.692;59.261074;17.998301;true;31.807;31.692;59.261074;17.998301;false
1783367371199;2026-07-06T19:49:31.199Z;3512.374;31.580;31.580;59.261017;17.998310;true;33.212;31.580;59.261017;17.998310;true
1783367371399;2026-07-06T19:49:31.399Z;3518.678;31.469;31.469;59.260963;17.998320;true;31.155;31.469;59.260963;17.998320;true
1783367371599;2026-07-06T19:49:31.599Z;3524.961;31.359;31.359;59.260906;17.998329;true;30.339;31.359;59.260906;17.998329;true
1783367371799;2026-07-06T19:49:31.799Z;3531.222;31.249;31.249;59.260853;17.998339;true;31.172;31.249;59.260853;17.998339;true
1783367372000;2026-07-06T19:49:32Z;3537.461;31.141;31.141;59.260796;17.998346;true;31.971;31.141;59.260796;17.998346;true
1783367372199;2026-07-06T19:49:32.199Z;3543.678;31.033;31.033;59.260738;17.998352;true;30.325;31.033;59.260738;17.998352;true
1783367372399;2026-07-06T19:49:32.399Z;3549.874;30.926;30.926;59.260685;17.998360;true;31.417;30.926;59.260685;17.998360;true
1783367372599;2026-07-06T19:49:32.599Z;3556.049;30.820;30.820;59.260628;17.998367;true;31.750;30.820;59.260628;17.998367;true
1783367372799;2026-07-06T19:49:32.799Z;3562.202;30.714;30.714;59.260571;17.998375;true;30.632;30.714;59.260571;17.998375;true
1783367373000;2026-07-06T19:49:33Z;3568.335;30.609;30.609;59.260517;17.998383;true;28.794;30.609;59.260517;17.998383;true
1783367373199;2026-07-06T19:49:33.199Z;3574.446;30.505;30.505;59.260464;17.998390;true;30.515;30.505;59.260464;17.998390;true
1783367373399;2026-07-06T19:49:33.399Z;3580.537;30.402;30.402;59.260406;17.998398;true;30.847;30.402;59.260406;17.998398;true
1783367373599;2026-07-06T19:49:33.599Z;3586.607;30.299;30.299;59.260353;17.998405;true;30.823;30.299;59.260353;17.998405;true
1783367373799;2026-07-06T19:49:33.799Z;3592.657;30.197;30.197;59.260300;17.998413;true;30.478;30.197;59.260300;17.998413;true
1783367374000;2026-07-06T19:49:34Z;3598.686;30.094;30.094;59.260242;17.998417;true;30.673;30.094;59.260242;17.998417;true
1783367374199;2026-07-06T19:49:34.199Z;3604.694;29.991;29.991;59.260189;17.998417;true;29.356;29.991;59.260189;17.998417;true
1783367374399;2026-07-06T19:49:34.399Z;3610.682;29.888;29.888;59.260136;17.998417;true;28.841;29.888;59.260136;17.998417;true
1783367374599;2026-07-06T19:49:34.599Z;3616.649;29.785;29.785;59.260086;17.998417;true;28.509;29.785;59.260086;17.998417;true
1783367374799;2026-07-06T19:49:34.799Z;3622.596;29.683;29.683;59.260033;17.998417;true;30.237;29.683;59.260033;17.998417;true
1783367375000;2026-07-06T19:49:35Z;3628.522;29.580;29.580;59.259979;17.998417;true;29.187;29.580;59.259979;17.998417;true
1783367375199;2026-07-06T19:49:35.199Z;3634.428;29.477;29.477;59.259926;17.998417;true;29.059;29.477;59.259926;17.998417;true
1783367375399;2026-07-06T19:49:35.399Z;3640.313;29.374;29.374;59.259876;17.998417;true;28.095;29.374;59.259876;17.998417;true
1783367375599;2026-07-06T19:49:35.599Z;3646.178;29.271;29.271;59.259823;17.998415;true;28.340;29.271;59.259823;17.998415;true
1783367375799;2026-07-06T19:49:35.799Z;3652.021;29.168;29.168;59.259769;17.998415;true;29.531;29.168;59.259769;17.998415;true
1783367376000;2026-07-06T19:49:36Z;3657.845;29.064;29.064;59.259720;17.998415;true;29.747;29.064;59.259720;17.998415;true
1783367376199;2026-07-06T19:49:36.199Z;3663.647;28.961;28.961;59.259666;17.998415;true;28.692;28.961;59.259666;17.998415;true
1783367376399;2026-07-06T19:49:36.399Z;3669.429;28.858;28.858;59.259617;17.998413;true;29.059;28.858;59.259617;17.998413;true
1783367376599;2026-07-06T19:49:36.599Z;3675.190;28.754;28.754;59.259563;17.998407;true;28.811;28.754;59.259563;17.998407;true
1783367376799;2026-07-06T19:49:36.799Z;3680.931;28.650;28.650;59.259514;17.998402;true;28.621;28.650;59.259514;17.998402;true
1783367377000;2026-07-06T19:49:37Z;3686.650;28.546;28.546;59.259464;17.998396;true;29.431;28.546;59.259464;17.998396;true
1783367377199;2026-07-06T19:49:37.199Z;3692.349;28.443;28.443;59.259411;17.998388;true;27.694;28.443;59.259411;17.998388;true
1783367377399;2026-07-06T19:49:37.399Z;3698.027;28.339;28.339;59.259361;17.998383;true;27.421;28.339;59.259361;17.998383;true
1783367377599;2026-07-06T19:49:37.599Z;3703.685;28.235;28.235;59.259312;17.998377;true;28.253;28.235;59.259312;17.998377;true
1783367377799;2026-07-06T19:49:37.799Z;3709.321;28.131;28.131;59.259258;17.998371;true;27.625;28.131;59.259258;17.998371;true
1783367378000;2026-07-06T19:49:38Z;3714.937;28.027;28.027;59.259209;17.998365;true;27.264;28.027;59.259209;17.998365;true
1783367378199;2026-07-06T19:49:38.199Z;3720.532;27.923;27.923;59.259159;17.998360;true;28.384;27.923;59.259159;17.998360;true
1783367378399;2026-07-06T19:49:38.399Z;3726.106;27.819;27.819;59.259109;17.998354;true;27.938;27.819;59.259109;17.998354;true
1783367378599;2026-07-06T19:49:38.599Z;3731.660;27.715;27.715;59.259060;17.998348;true;27.598;27.715;59.259060;17.998348;true
1783367378799;2026-07-06T19:49:38.799Z;3737.192;27.611;27.611;59.259010;17.998339;true;28.815;27.611;59.259010;17.998339;true
1783367379000;2026-07-06T19:49:39Z;3742.704;27.507;27.507;59.258961;17.998329;true;27.318;27.507;59.258961;17.998329;true
1783367379199;2026-07-06T19:49:39.199Z;3748.195;27.403;27.403;59.258911;17.998320;true;26.934;27.403;59.258911;17.998320;true
1783367379399;2026-07-06T19:49:39.399Z;3753.665;27.299;27.299;59.258862;17.998308;true;27.737;27.299;59.258862;17.998308;true
1783367379599;2026-07-06T19:49:39.599Z;3759.114;27.195;27.195;59.258812;17.998299;true;27.395;27.195;59.258812;17.998299;true
1783367379799;2026-07-06T19:49:39.799Z;3764.543;27.091;27.091;59.258762;17.998289;true;26.464;27.091;59.258762;17.998289;true
1783367380000;2026-07-06T19:49:40Z;3769.951;26.988;26.988;59.258713;17.998280;true;28.518;26.988;59.258713;17.998280;true
1783367380199;2026-07-06T19:49:40.199Z;3775.338;26.884;26.884;59.258667;17.998270;true;27.390;26.884;59.258667;17.998270;true
1783367380399;2026-07-06T19:49:40.399Z;3780.704;26.780;26.780;59.258617;17.998260;true;25.869;26.780;59.258617;17.998260;true
1783367380599;2026-07-06T19:49:40.599Z;3786.050;26.676;26.676;59.258568;17.998251;true;26.205;26.676;59.258568;17.998251;true
1783367380799;2026-07-06T19:49:40.799Z;3791.375;26.573;26.573;59.258522;17.998241;true;25.496;26.573;59.258522;17.998241;true
1783367381000;2026-07-06T19:49:41Z;3796.679;26.469;26.469;59.258472;17.998232;true;26.425;26.469;59.258472;17.998232;true
1783367381199;2026-07-06T19:49:41.199Z;3801.963;26.365;26.365;59.258427;17.998222;true;26.270;26.365;59.258427;17.998222;true
1783367381399;2026-07-06T19:49:41.399Z;3807.225;26.262;26.262;59.258377;17.998213;true;26.321;26.262;59.258377;17.998213;true
1783367381599;2026-07-06T19:49:41.599Z;3812.467;26.158;26.158;59.258331;17.998203;true;25.695;26.158;59.258331;17.998203;true
1783367381799;2026-07-06T19:49:41.799Z;3817.688;26.055;26.055;59.258286;17.998194;true;25.254;26.055;59.258286;17.998194;true
1783367382000;2026-07-06T19:49:42Z;3822.889;25.951;25.951;59.258236;17.998184;true;25.289;25.951;59.258236;17.998184;true
1783367382199;2026-07-06T19:49:42.199Z;3828.069;25.848;25.848;59.258190;17.998175;true;26.266;25.848;59.258190;17.998175;true
1783367382399;2026-07-06T19:49:42.399Z;3833.228;25.744;25.744;59.258144;17.998165;true;26.255;25.744;59.258144;17.998165;true
1783367382599;2026-07-06T19:49:42.599Z;3838.367;25.640;25.640;59.258099;17.998156;true;25.736;25.640;59.258099;17.998156;true
1783367382799;2026-07-06T19:49:42.799Z;3843.484;25.536;25.536;59.258053;17.998146;true;25.808;25.536;59.258053;17.998146;true
1783367383000;2026-07-06T19:49:43Z;3848.581;25.431;25.431;59.258007;17.998138;true;25.554;25.431;59.258007;17.998138;true
1783367383199;2026-07-06T19:49:43.199Z;3853.656;25.325;25.325;59.257961;17.998129;true;24.677;25.325;59.257961;17.998129;true
1783367383399;2026-07-06T19:49:43.399Z;3858.711;25.219;25.219;59.257915;17.998119;true;25.051;25.219;59.257915;17.998119;true
1783367383599;2026-07-06T19:49:43.599Z;3863.744;25.113;25.113;59.257870;17.998110;true;24.774;25.113;59.257870;17.998110;true
1783367383799;2026-07-06T19:49:43.799Z;3868.756;25.006;25.006;59.257824;17.998102;true;25.152;25.006;59.257824;17.998102;true
1783367384000;2026-07-06T19:49:44Z;3873.746;24.898;24.898;59.257778;17.998093;true;25.686;24.898;59.257778;17.998093;true
1783367384199;2026-07-06T19:49:44.199Z;3878.715;24.790;24.790;59.257736;17.998083;true;24.684;24.790;59.257736;17.998083;true
1783367384399;2026-07-06T19:49:44.399Z;3883.663;24.681;24.681;59.257690;17.998075;true;24.548;24.681;59.257690;17.998075;true
1783367384599;2026-07-06T19:49:44.599Z;3888.588;24.572;24.572;59.257645;17.998066;true;25.398;24.572;59.257645;17.998066;true
1783367384799;2026-07-06T19:49:44.799Z;3893.491;24.462;24.462;59.257603;17.998056;true;24.337;24.462;59.257603;17.998056;true
1783367385000;2026-07-06T19:49:45Z;3898.373;24.352;24.352;59.257561;17.998049;true;24.579;24.352;59.257561;17.998049;true
1783367385199;2026-07-06T19:49:45.199Z;3903.232;24.241;24.241;59.257515;17.998039;true;24.512;24.241;59.257515;17.998039;true
1783367385399;2026-07-06T19:49:45.399Z;3908.069;24.130;24.130;59.257473;17.998030;true;24.395;24.130;59.257473;17.998030;true
1783367385599;2026-07-06T19:49:45.599Z;3912.884;24.018;24.018;59.257431;17.998018;true;24.124;24.018;59.257431;17.998018;true
1783367385799;2026-07-06T19:49:45.799Z;3917.677;23.906;23.906;59.257385;17.998007;true;24.373;23.906;59.257385;17.998007;true
1783367386000;2026-07-06T19:49:46Z;3922.447;23.794;23.794;59.257343;17.997995;true;23.861;23.794;59.257343;17.997995;true
1783367386199;2026-07-06T19:49:46.199Z;3927.194;23.682;23.682;59.257301;17.997984;true;23.616;23.682;59.257301;17.997984;true
1783367386399;2026-07-06T19:49:46.399Z;3931.920;23.570;23.570;59.257259;17.997972;true;22.677;23.570;59.257259;17.997972;true
1783367386599;2026-07-06T19:49:46.599Z;3936.622;23.458;23.458;59.257217;17.997961;true;22.874;23.458;59.257217;17.997961;true
1783367386799;2026-07-06T19:49:46.799Z;3941.303;23.346;23.346;59.257175;17.997950;true;23.275;23.346;59.257175;17.997950;true
1783367387000;2026-07-06T19:49:47Z;3945.961;23.234;23.234;59.257133;17.997938;true;24.040;23.234;59.257133;17.997938;true
1783367387199;2026-07-06T19:49:47.199Z;3950.596;23.122;23.122;59.257092;17.997927;true;22.722;23.122;59.257092;17.997927;true
1783367387399;2026-07-06T19:49:47.399Z;3955.209;23.010;23.010;59.257050;17.997915;true;23.622;23.010;59.257050;17.997915;true
1783367387599;2026-07-06T19:49:47.599Z;3959.800;22.898;22.898;59.257011;17.997906;true;22.471;22.898;59.257011;17.997906;true
1783367387799;2026-07-06T19:49:47.799Z;3964.369;22.786;22.786;59.256969;17.997894;true;23.419;22.786;59.256969;17.997894;true
1783367388000;2026-07-06T19:49:48Z;3968.915;22.674;22.674;59.256927;17.997883;true;21.436;22.674;59.256927;17.997883;true
1783367388199;2026-07-06T19:49:48.199Z;3973.438;22.562;22.562;59.256889;17.997869;true;23.184;22.562;59.256889;17.997869;true
1783367388399;2026-07-06T19:49:48.399Z;3977.939;22.450;22.450;59.256847;17.997856;true;22.337;22.450;59.256847;17.997856;true
1783367388599;2026-07-06T19:49:48.599Z;3982.418;22.337;22.337;59.256809;17.997843;true;22.965;22.337;59.256809;17.997843;true
1783367388799;2026-07-06T19:49:48.799Z;3986.874;22.223;22.223;59.256767;17.997828;true;22.294;22.223;59.256767;17.997828;true
1783367389000;2026-07-06T19:49:49Z;3991.307;22.109;22.109;59.256729;17.997814;true;22.272;22.109;59.256729;17.997814;true
1783367389199;2026-07-06T19:49:49.199Z;3995.718;21.994;21.994;59.256691;17.997801;true;22.470;21.994;59.256691;17.997801;true
1783367389399;2026-07-06T19:49:49.399Z;4000.105;21.878;21.878;59.256649;17.997787;true;21.033;21.878;59.256649;17.997787;true
1783367389599;2026-07-06T19:49:49.599Z;4004.469;21.761;21.761;59.256611;17.997772;true;21.103;21.761;59.256611;17.997772;true
1783367389799;2026-07-06T19:49:49.799Z;4008.809;21.643;21.643;59.256573;17.997759;true;21.841;21.643;59.256573;17.997759;true
1783367390000;2026-07-06T19:49:50Z;4013.126;21.525;21.525;59.256535;17.997746;true;21.704;21.525;59.256535;17.997746;true
1783367390199;2026-07-06T19:49:50.199Z;4017.419;21.405;21.405;59.256496;17.997732;true;20.874;21.405;59.256496;17.997732;true
1783367390399;2026-07-06T19:49:50.399Z;4021.688;21.285;21.285;59.256458;17.997719;true;20.722;21.285;59.256458;17.997719;true
1783367390599;2026-07-06T19:49:50.599Z;4025.933;21.164;21.164;59.256420;17.997705;true;22.142;21.164;59.256420;17.997705;true
1783367390799;2026-07-06T19:49:50.799Z;4030.154;21.043;21.043;59.256382;17.997692;true;20.952;21.043;59.256382;17.997692;true
1783367391000;2026-07-06T19:49:51Z;4034.350;20.920;20.920;59.256348;17.997679;true;20.824;20.920;59.256348;17.997679;true
1783367391199;2026-07-06T19:49:51.199Z;4038.522;20.797;20.797;59.256310;17.997663;true;21.235;20.797;59.256310;17.997663;true
1783367391399;2026-07-06T19:49:51.399Z;4042.669;20.673;20.673;59.256271;17.997648;true;20.551;20.673;59.256271;17.997648;true
1783367391599;2026-07-06T19:49:51.599Z;4046.791;20.548;20.548;59.256237;17.997633;true;21.139;20.548;59.256237;17.997633;true
1783367391799;2026-07-06T19:49:51.799Z;4050.888;20.423;20.423;59.256203;17.997618;true;20.037;20.423;59.256203;17.997618;true
1783367392000;2026-07-06T19:49:52Z;4054.960;20.297;20.297;59.256165;17.997602;true;19.714;20.297;59.256165;17.997602;true
1783367392199;2026-07-06T19:49:52.199Z;4059.007;20.170;20.170;59.256130;17.997587;true;20.102;20.170;59.256130;17.997587;true
1783367392399;2026-07-06T19:49:52.399Z;4063.028;20.044;20.044;59.256096;17.997574;true;20.049;20.044;59.256096;17.997574;true
1783367392599;2026-07-06T19:49:52.599Z;4067.024;19.917;19.917;59.256058;17.997559;true;19.806;19.917;59.256058;17.997559;true
1783367392799;2026-07-06T19:49:52.799Z;4070.995;19.790;19.790;59.256023;17.997543;true;19.950;19.790;59.256023;17.997543;true
1783367393000;2026-07-06T19:49:53Z;4074.940;19.664;19.664;59.255989;17.997530;true;19.522;19.664;59.255989;17.997530;true
1783367393199;2026-07-06T19:49:53.199Z;4078.860;19.537;19.537;59.255955;17.997515;true;20.335;19.537;59.255955;17.997515;true
1783367393399;2026-07-06T19:49:53.399Z;4082.755;19.410;19.410;59.255920;17.997501;true;19.469;19.410;59.255920;17.997501;true
1783367393599;2026-07-06T19:49:53.599Z;4086.624;19.284;19.284;59.255886;17.997486;true;19.662;19.284;59.255886;17.997486;true
1783367393799;2026-07-06T19:49:53.799Z;4090.468;19.157;19.157;59.255852;17.997473;true;19.264;19.157;59.255852;17.997473;true
1783367394000;2026-07-06T19:49:54Z;4094.287;19.031;19.031;59.255821;17.997459;true;19.045;19.031;59.255821;17.997459;true
1783367394199;2026-07-06T19:49:54.199Z;4098.081;18.904;18.904;59.255787;17.997444;true;18.683;18.904;59.255787;17.997444;true
1783367394399;2026-07-06T19:49:54.399Z;4101.849;18.778;18.778;59.255753;17.997431;true;18.021;18.778;59.255753;17.997431;true
1783367394599;2026-07-06T19:49:54.599Z;4105.592;18.651;18.651;59.255722;17.997417;true;18.433;18.651;59.255722;17.997417;true
1783367394799;2026-07-06T19:49:54.799Z;4109.310;18.525;18.525;59.255688;17.997402;true;18.740;18.525;59.255688;17.997402;true
1783367395000;2026-07-06T19:49:55Z;4113.002;18.397;18.397;59.255657;17.997387;true;18.364;18.397;59.255657;17.997387;true
1783367395199;2026-07-06T19:49:55.199Z;4116.668;18.270;18.270;59.255623;17.997372;true;18.379;18.270;59.255623;17.997372;true
1783367395399;2026-07-06T19:49:55.399Z;4120.310;18.142;18.142;59.255592;17.997356;true;17.799;18.142;59.255592;17.997356;true
1783367395599;2026-07-06T19:49:55.599Z;4123.925;18.014;18.014;59.255562;17.997341;true;17.856;18.014;59.255562;17.997341;true
1783367395799;2026-07-06T19:49:55.799Z;4127.515;17.885;17.885;59.255531;17.997328;true;18.418;17.885;59.255531;17.997328;true
1783367396000;2026-07-06T19:49:56Z;4131.079;17.756;17.756;59.255501;17.997313;true;17.821;17.756;59.255501;17.997313;true
1783367396199;2026-07-06T19:49:56.199Z;4134.618;17.627;17.627;59.255470;17.997299;true;17.662;17.627;59.255470;17.997299;true
1783367396399;2026-07-06T19:49:56.399Z;4138.130;17.498;17.498;59.255440;17.997284;true;17.122;17.498;59.255440;17.997284;true
1783367396599;2026-07-06T19:49:56.599Z;4141.617;17.368;17.368;59.255409;17.997271;true;16.559;17.368;59.255409;17.997271;true
1783367396799;2026-07-06T19:49:56.799Z;4145.077;17.238;17.238;59.255379;17.997255;true;17.288;17.238;59.255379;17.997255;true
1783367397000;2026-07-06T19:49:57Z;4148.512;17.108;17.108;59.255348;17.997242;true;17.613;17.108;59.255348;17.997242;true
1783367397199;2026-07-06T19:49:57.199Z;4151.921;16.978;16.978;59.255318;17.997229;true;17.105;16.978;59.255318;17.997229;true
1783367397399;2026-07-06T19:49:57.399Z;4155.303;16.847;16.847;59.255287;17.997213;true;16.928;16.847;59.255287;17.997213;true
1783367397599;2026-07-06T19:49:57.599Z;4158.660;16.717;16.717;59.255260;17.997200;true;16.893;16.717;59.255260;17.997200;true
1783367397799;2026-07-06T19:49:57.799Z;4161.990;16.586;16.586;59.255230;17.997187;true;16.514;16.586;59.255230;17.997187;true
1783367398000;2026-07-06T19:49:58Z;4165.294;16.455;16.455;59.255203;17.997173;true;16.172;16.455;59.255203;17.997173;true
1783367398199;2026-07-06T19:49:58.199Z;4168.572;16.324;16.324;59.255173;17.997160;true;15.774;16.324;59.255173;17.997160;true
1783367398399;2026-07-06T19:49:58.399Z;4171.824;16.193;16.193;59.255146;17.997147;true;16.135;16.193;59.255146;17.997147;true
1783367398599;2026-07-06T19:49:58.599Z;4175.049;16.062;16.062;59.255116;17.997133;true;15.890;16.062;59.255116;17.997133;true
1783367398799;2026-07-06T19:49:58.799Z;4178.249;15.931;15.931;59.255089;17.997120;true;15.833;15.931;59.255089;17.997120;true
1783367399000;2026-07-06T19:49:59Z;4181.422;15.799;15.799;59.255062;17.997108;true;16.029;15.799;59.255062;17.997108;true
1783367399199;2026-07-06T19:49:59.199Z;4184.568;15.668;15.668;59.255035;17.997095;true;15.449;15.668;59.255035;17.997095;true
1783367399399;2026-07-06T19:49:59.399Z;4187.689;15.536;15.536;59.255009;17.997082;true;15.493;15.536;59.255009;17.997082;true
1783367399599;2026-07-06T19:49:59.599Z;4190.783;15.405;15.405;59.254982;17.997070;true;15.675;15.405;59.254982;17.997070;true
1783367399799;2026-07-06T19:49:59.799Z;4193.851;15.274;15.274;59.254955;17.997057;true;15.159;15.274;59.254955;17.997057;true
1783367400000;2026-07-06T19:50:00Z;4196.892;15.143;15.143;59.254929;17.997042;true;15.409;15.143;59.254929;17.997042;true
1783367400199;2026-07-06T19:50:00.199Z;4199.908;15.012;15.012;59.254902;17.997026;true;15.385;15.012;59.254902;17.997026;true
1783367400399;2026-07-06T19:50:00.399Z;4202.897;14.882;14.882;59.254875;17.997009;true;14.431;14.882;59.254875;17.997009;true
1783367400599;2026-07-06T19:50:00.599Z;4205.861;14.752;14.752;59.254848;17.996994;true;15.305;14.752;59.254848;17.996994;true
1783367400799;2026-07-06T19:50:00.799Z;4208.798;14.621;14.621;59.254826;17.996979;true;14.534;14.621;59.254826;17.996979;true
1783367400999;2026-07-06T19:50:00.999Z;4211.709;14.491;14.491;59.254799;17.996964;true;14.235;14.491;59.254799;17.996964;true
1783367401199;2026-07-06T19:50:01.199Z;4214.595;14.362;14.362;59.254776;17.996950;true;14.782;14.362;59.254776;17.996950;true
1783367401399;2026-07-06T19:50:01.399Z;4217.454;14.232;14.232;59.254749;17.996935;true;14.080;14.232;59.254749;17.996935;true
1783367401599;2026-07-06T19:50:01.599Z;4220.287;14.102;14.102;59.254726;17.996920;true;14.090;14.102;59.254726;17.996920;true
1783367401799;2026-07-06T19:50:01.799Z;4223.095;13.973;13.973;59.254704;17.996906;true;14.294;13.973;59.254704;17.996906;true
1783367401999;2026-07-06T19:50:01.999Z;4225.877;13.844;13.844;59.254677;17.996891;true;14.032;13.844;59.254677;17.996891;true
1783367402199;2026-07-06T19:50:02.199Z;4228.632;13.714;13.714;59.254654;17.996876;true;13.888;13.714;59.254654;17.996876;true
1783367402399;2026-07-06T19:50:02.399Z;4231.362;13.585;13.585;59.254631;17.996862;true;13.579;13.585;59.254631;17.996862;true
1783367402599;2026-07-06T19:50:02.599Z;4234.066;13.456;13.456;59.254608;17.996849;true;13.232;13.456;59.254608;17.996849;true
1783367402799;2026-07-06T19:50:02.799Z;4236.745;13.327;13.327;59.254585;17.996834;true;13.412;13.327;59.254585;17.996834;true
1783367402999;2026-07-06T19:50:02.999Z;4239.397;13.198;13.198;59.254562;17.996820;true;13.211;13.198;59.254562;17.996820;true
1783367403199;2026-07-06T19:50:03.199Z;4242.024;13.069;13.069;59.254539;17.996807;true;13.176;13.069;59.254539;17.996807;true
1783367403399;2026-07-06T19:50:03.399Z;4244.625;12.940;12.940;59.254517;17.996794;true;12.508;12.940;59.254517;17.996794;true
1783367403599;2026-07-06T19:50:03.599Z;4247.200;12.811;12.811;59.254494;17.996780;true;12.429;12.811;59.254494;17.996780;true
1783367403799;2026-07-06T19:50:03.799Z;4249.749;12.682;12.682;59.254471;17.996767;true;12.116;12.682;59.254471;17.996767;true
1783367403999;2026-07-06T19:50:03.999Z;4252.273;12.553;12.553;59.254452;17.996754;true;12.538;12.553;59.254452;17.996754;true
1783367404199;2026-07-06T19:50:04.199Z;4254.771;12.424;12.424;59.254429;17.996740;true;12.543;12.424;59.254429;17.996740;true
1783367404399;2026-07-06T19:50:04.399Z;4257.242;12.295;12.295;59.254406;17.996729;true;12.438;12.295;59.254406;17.996729;true
1783367404599;2026-07-06T19:50:04.599Z;4259.689;12.166;12.166;59.254387;17.996716;true;12.236;12.166;59.254387;17.996716;true
1783367404799;2026-07-06T19:50:04.799Z;4262.109;12.038;12.038;59.254364;17.996702;true;12.110;12.038;59.254364;17.996702;true
1783367404999;2026-07-06T19:50:04.999Z;4264.504;11.909;11.909;59.254345;17.996691;true;11.820;11.909;59.254345;17.996691;true
1783367405199;2026-07-06T19:50:05.199Z;4266.873;11.780;11.780;59.254326;17.996679;true;11.258;11.780;59.254326;17.996679;true
1783367405399;2026-07-06T19:50:05.399Z;4269.216;11.651;11.651;59.254303;17.996666;true;11.989;11.651;59.254303;17.996666;true
1783367405599;2026-07-06T19:50:05.599Z;4271.533;11.522;11.522;59.254284;17.996655;true;11.331;11.522;59.254284;17.996655;true
1783367405799;2026-07-06T19:50:05.799Z;4273.825;11.394;11.394;59.254265;17.996643;true;11.450;11.394;59.254265;17.996643;true
1783367405999;2026-07-06T19:50:05.999Z;4276.090;11.265;11.265;59.254246;17.996630;true;11.469;11.265;59.254246;17.996630;true
1783367406199;2026-07-06T19:50:06.199Z;4278.331;11.136;11.136;59.254227;17.996618;true;11.093;11.136;59.254227;17.996618;true
1783367406399;2026-07-06T19:50:06.399Z;4280.545;11.008;11.008;59.254208;17.996607;true;10.881;11.008;59.254208;17.996607;true
1783367406599;2026-07-06T19:50:06.599Z;4282.734;10.879;10.879;59.254189;17.996595;true;10.985;10.879;59.254189;17.996595;true
1783367406799;2026-07-06T19:50:06.799Z;4284.897;10.751;10.751;59.254169;17.996586;true;10.479;10.751;59.254169;17.996586;true
1783367406999;2026-07-06T19:50:06.999Z;4287.034;10.622;10.622;59.254150;17.996574;true;10.480;10.622;59.254150;17.996574;true
1783367407199;2026-07-06T19:50:07.199Z;4289.146;10.494;10.494;59.254131;17.996563;true;10.432;10.494;59.254131;17.996563;true
1783367407399;2026-07-06T19:50:07.399Z;4291.231;10.365;10.365;59.254116;17.996552;true;10.307;10.365;59.254116;17.996552;true
1783367407599;2026-07-06T19:50:07.599Z;4293.292;10.237;10.237;59.254097;17.996542;true;10.457;10.237;59.254097;17.996542;true
1783367407799;2026-07-06T19:50:07.799Z;4295.326;10.109;10.109;59.254078;17.996531;true;9.949;10.109;59.254078;17.996531;true
1783367407999;2026-07-06T19:50:07.999Z;4297.335;9.980;9.980;59.254063;17.996521;true;9.529;9.980;59.254063;17.996521;true
1783367408199;2026-07-06T19:50:08.199Z;4299.318;9.852;9.852;59.254044;17.996510;true;10.003;9.852;59.254044;17.996510;true
1783367408399;2026-07-06T19:50:08.399Z;4301.276;9.724;9.724;59.254028;17.996500;true;9.539;9.724;59.254028;17.996500;true
1783367408599;2026-07-06T19:50:08.599Z;4303.2